Date,Symbol,Volume,Close/Last,Open,High,Low
11/1/21,GOOG,1613605,2875.48,2963.3,2967.99,2871.59
10/29/21,GOOG,1447725,2965.41,2910.4,2972.26,2903.33
10/28/21,GOOG,1620903,2922.58,2945.98,2948.49,2895.27
10/27/21,GOOG,2592546,2928.55,2798.05,2982.36,2798.05
10/26/21,GOOG,1412937,2793.44,2812.12,2816.79,2780.11
10/25/21,GOOG,1054085,2775.46,2776.21,2784.12,2734.97
10/22/21,GOOG,1509132,2772.5,2807.02,2831.17,2743.41
10/21/21,GOOG,742496,2855.61,2843.84,2856.99,2832.74
10/20/21,GOOG,896975,2848.3,2884.45,2884.96,2838.24
10/19/21,GOOG,765792,2876.44,2865.83,2882.14,2861.92
10/18/21,GOOG,828360,2859.21,2824.27,2859.98,2824.27
10/15/21,GOOG,1062668,2833.5,2844,2844,2821.29
10/14/21,GOOG,1071878,2828.24,2799.04,2833.03,2786.78
10/13/21,GOOG,819664,2758,2755,2771,2739.53
10/12/21,GOOG,1126751,2734.26,2792.75,2793.9,2725
10/11/21,GOOG,829238,2776.95,2796,2815.27,2776.13
10/8/21,GOOG,946421,2801.12,2798.12,2806.34,2788.59
10/7/21,GOOG,912523,2783.71,2777.26,2803.09,2771.26
10/6/21,GOOG,988216,2747.08,2692.51,2757.04,2689.73
10/5/21,GOOG,1206337,2723.54,2680,2747.24,2680
10/4/21,GOOG,1576495,2675.3,2713.99,2714,2623.33
10/1/21,GOOG,1419365,2729.25,2671.09,2741.42,2667.55
9/30/21,GOOG,1768199,2665.31,2686.5,2711.8,2660
9/29/21,GOOG,1316861,2690.42,2742.19,2747.97,2685
9/28/21,GOOG,2109483,2723.68,2781.77,2792.13,2714
9/27/21,GOOG,942204,2830.02,2831.71,2850,2810
9/24/21,GOOG,747467,2852.66,2818.92,2858.07,2817.01
9/23/21,GOOG,863805,2836.53,2832.19,2845.05,2821.93
9/22/21,GOOG,1103390,2818.77,2801.01,2831.67,2789.44
9/21/21,GOOG,906469,2792.93,2802.34,2816.23,2778.11
9/20/21,GOOG,1745886,2780.34,2780,2787.25,2741.06
9/17/21,GOOG,3001991,2829.27,2875.97,2884.99,2821.23
9/16/21,GOOG,1014942,2887.47,2902.42,2904,2868.33
9/15/21,GOOG,1032671,2904.12,2875.18,2911.63,2845.12
9/14/21,GOOG,945957,2868.12,2883.22,2894.55,2858.11
9/13/21,GOOG,1008781,2869.3,2864.02,2883.82,2845.65
9/10/21,GOOG,1644831,2838.42,2908.87,2920.38,2834.83
9/9/21,GOOG,739928,2898.27,2897.67,2913.39,2888.68
9/8/21,GOOG,774583,2897.67,2907.87,2911.02,2884
9/7/21,GOOG,758630,2910.38,2894.99,2916.48,2890.82
9/3/21,GOOG,955524,2895.5,2882.92,2907.54,2870.1
9/2/21,GOOG,1092790,2884.38,2918.99,2926.5,2882.13
9/1/21,GOOG,791234,2916.84,2913,2936.41,2912.29
8/31/21,GOOG,1337821,2909.24,2917.69,2922.24,2900
8/30/21,GOOG,845795,2909.39,2894.09,2929.79,2892
8/27/21,GOOG,1228412,2891.01,2842.25,2900.22,2840.4
8/26/21,GOOG,746100,2842.46,2852.37,2862.7,2841.83
8/25/21,GOOG,642153,2859,2857.66,2866.26,2848.79
8/24/21,GOOG,756313,2847.97,2830.87,2860.15,2827.07
8/23/21,GOOG,1054484,2821.99,2779.97,2843.54,2774.96
8/20/21,GOOG,778337,2768.74,2741.66,2772.29,2729.34
8/19/21,GOOG,914796,2738.27,2709.35,2749.04,2707.12
8/18/21,GOOG,746723,2731.4,2742.31,2765.88,2728.42
8/17/21,GOOG,1063701,2746.01,2763.82,2774.37,2735.75
8/16/21,GOOG,902542,2778.32,2760,2779.81,2723.32
8/13/21,GOOG,629029,2768.12,2767.15,2773.48,2760.1
8/12/21,GOOG,732470,2767.79,2754.26,2768.36,2735.58
8/11/21,GOOG,760483,2753.79,2765.66,2776.96,2747
8/10/21,GOOG,801954,2761.93,2761.59,2771.03,2744.53
8/9/21,GOOG,618978,2760.04,2738.98,2766.43,2728.58
8/6/21,GOOG,678251,2740.72,2725.9,2741.6,2720.93
8/5/21,GOOG,593589,2738.8,2720.57,2739,2712
8/4/21,GOOG,826357,2720.57,2724.99,2730.76,2708.3
8/3/21,GOOG,953200,2725.6,2720,2726.71,2683.67
8/2/21,GOOG,1007002,2719.79,2709.69,2720.41,2693.39
7/30/21,GOOG,1197725,2704.42,2710.22,2715.43,2696.28
7/29/21,GOOG,964167,2730.81,2727.61,2743.03,2722.76
7/28/21,GOOG,2734417,2727.63,2771.24,2793.52,2727
7/27/21,GOOG,2108153,2735.93,2800.22,2800.22,2702
7/26/21,GOOG,1152623,2792.89,2765,2794.26,2753.02
7/23/21,GOOG,1318887,2756.32,2705.2,2776.17,2694.01
7/22/21,GOOG,680407,2666.57,2653,2670.09,2648
7/21/21,GOOG,737082,2652.01,2615.74,2652.35,2612.03
7/20/21,GOOG,954156,2622.03,2600.08,2640.03,2583.77
7/19/21,GOOG,1285466,2585.08,2623.11,2624.94,2570.74
7/16/21,GOOG,743059,2636.91,2632.82,2643.66,2616.43
7/15/21,GOOG,829316,2625.33,2650,2651.9,2611.96
7/14/21,GOOG,895927,2641.65,2638.03,2659.92,2637.96
7/13/21,GOOG,830898,2619.89,2617.63,2640.84,2612.74
7/12/21,GOOG,847546,2611.28,2596.67,2615.4,2592
7/9/21,GOOG,755466,2591.49,2578.89,2596.99,2578.87
7/8/21,GOOG,988975,2583.54,2565,2600.65,2560.8
7/7/21,GOOG,834186,2601.55,2606.82,2612.8,2595.2
7/6/21,GOOG,1067517,2595.42,2588.99,2597.69,2568.18
7/2/21,GOOG,1058256,2574.38,2536.79,2576.96,2535.38
7/1/21,GOOG,856230,2527.37,2497,2529.25,2497
6/30/21,GOOG,1200478,2506.32,2513.07,2516,2495.15
6/29/21,GOOG,1047478,2520.37,2535.45,2540,2508.74
6/28/21,GOOG,1405543,2536.39,2540,2546.74,2519.48
6/25/21,GOOG,1674297,2539.9,2539.14,2550.1,2528.88
6/24/21,GOOG,946662,2545.64,2541.07,2550.71,2539.2
6/23/21,GOOG,984658,2529.23,2531,2555.92,2525.04
6/22/21,GOOG,1049310,2539.99,2529,2545.4,2520.53
6/21/21,GOOG,1312826,2529.1,2514.8,2540.73,2502.69
6/18/21,GOOG,2665310,2511.35,2514.11,2527.78,2492.06
6/17/21,GOOG,1287791,2527.42,2510.46,2543.93,2510.3
6/16/21,GOOG,1315838,2513.93,2524.95,2530.47,2483
6/15/21,GOOG,1109130,2520.66,2530.44,2537.24,2512.97
6/14/21,GOOG,1127522,2527.04,2513.39,2528.23,2500.94
6/11/21,GOOG,1262309,2513.93,2524.92,2526.99,2498.29
6/10/21,GOOG,1561733,2521.6,2494.01,2523.26,2494
6/9/21,GOOG,1006337,2491.4,2499.5,2505,2487.33
6/8/21,GOOG,1253253,2482.85,2479.9,2494.5,2468.24
6/7/21,GOOG,1192453,2466.09,2451.32,2468,2441.07
6/4/21,GOOG,1297434,2451.76,2422.52,2453.86,2417.77
6/3/21,GOOG,917291,2404.61,2395.02,2409.75,2382.83
6/2/21,GOOG,858105,2421.28,2435.31,2442,2404.2
6/1/21,GOOG,958289,2429.81,2422,2437.97,2404.88
5/28/21,GOOG,1205382,2411.56,2421.96,2428.14,2407.69
5/27/21,GOOG,1948113,2402.51,2436.94,2440,2402
5/26/21,GOOG,1092819,2433.53,2412.84,2442.94,2412.52
5/25/21,GOOG,941928,2409.07,2420,2432.89,2402.99
5/24/21,GOOG,1062189,2406.67,2367,2418.48,2360.11
5/21/21,GOOG,1141632,2345.1,2365.99,2369,2342.37
5/20/21,GOOG,1191593,2356.09,2328.04,2360.34,2321.09
5/19/21,GOOG,967544,2308.71,2264.4,2316.76,2263.52
5/18/21,GOOG,865119,2303.43,2336.91,2343.15,2303.16
5/17/21,GOOG,991792,2321.41,2309.32,2323.34,2295
5/14/21,GOOG,1331248,2316.16,2291.83,2321.14,2283.32
5/13/21,GOOG,1333508,2261.97,2261.09,2276.6,2242.72
5/12/21,GOOG,1746664,2239.08,2261.71,2285.37,2230.05
5/11/21,GOOG,1605548,2308.76,2291.86,2322,2283
5/10/21,GOOG,1300271,2341.66,2374.89,2378,2334.73
5/7/21,GOOG,1163892,2398.69,2400,2416.41,2390
5/6/21,GOOG,1030859,2381.35,2350.64,2382.71,2342.34
5/5/21,GOOG,1090275,2356.74,2368.42,2382.2,2351.41
5/4/21,GOOG,1756015,2354.25,2369.74,2379.26,2311.7
5/3/21,GOOG,1689389,2395.17,2402.72,2419.7,2384.5
4/30/21,GOOG,1957130,2410.12,2404.49,2427.14,2402.16
4/29/21,GOOG,1977677,2429.89,2410.33,2436.52,2402.28
4/28/21,GOOG,2986439,2379.91,2407.15,2452.38,2374.85
4/27/21,GOOG,1598583,2307.12,2336,2337.45,2304.27
4/26/21,GOOG,1041650,2326.74,2319.93,2341.26,2313.84
4/23/21,GOOG,1435162,2315.3,2283.47,2325.82,2278.21
4/22/21,GOOG,1054808,2267.92,2293.23,2303.76,2256.45
4/21/21,GOOG,1196731,2293.29,2285.25,2295.32,2258.57
4/20/21,GOOG,1088749,2293.63,2307.89,2309.6,2271.71
4/19/21,GOOG,1234445,2302.4,2291.98,2318.45,2287.85
4/16/21,GOOG,1130090,2297.76,2303,2306.44,2284.45
4/15/21,GOOG,1373612,2296.66,2276.98,2306.6,2266
4/14/21,GOOG,1010967,2254.84,2275.16,2277.99,2249.19
4/13/21,GOOG,1165804,2267.27,2261.47,2277.21,2256.09
4/12/21,GOOG,1565851,2254.79,2266.25,2275.32,2238.47
4/9/21,GOOG,1044365,2285.88,2256.7,2289.04,2253.71
4/8/21,GOOG,1358259,2265.44,2277.96,2284.01,2257.68
4/7/21,GOOG,1289861,2249.68,2226.13,2255,2225.33
4/6/21,GOOG,1353036,2224.75,2222.5,2237.66,2214.8
4/5/21,GOOG,2164875,2225.55,2152.94,2237.31,2151.62
4/1/21,GOOG,1698978,2137.75,2097.95,2142.94,2096.89
3/31/21,GOOG,1459930,2068.63,2059.12,2093.33,2056.75
3/30/21,GOOG,1036774,2055.54,2057.63,2070.78,2044.03
3/29/21,GOOG,1229777,2055.95,2027.88,2058.43,2015.62
3/26/21,GOOG,1493800,2035.55,2038.86,2050.99,2014.02
3/25/21,GOOG,1418907,2044.36,2044.81,2058.87,2010.73
3/24/21,GOOG,1154029,2045.06,2065.37,2078.21,2041.56
3/23/21,GOOG,1366997,2052.96,2051.7,2072.3,2039.22
3/22/21,GOOG,1954816,2038.59,2041.84,2057.99,2026.07
3/19/21,GOOG,2314893,2043.2,2042.05,2053.1,2017.68
3/18/21,GOOG,1362430,2036.22,2061,2075.5,2033.55
3/17/21,GOOG,1299016,2091.08,2076.03,2109.78,2054
3/16/21,GOOG,1491564,2092.52,2078.99,2123.56,2070
3/15/21,GOOG,1298325,2066.49,2062.3,2067.06,2043.51
3/12/21,GOOG,1725794,2061.92,2085,2090.26,2047.55
3/11/21,GOOG,1239080,2114.77,2074.06,2125.7,2072.38
3/10/21,GOOG,1268592,2055.03,2071.76,2075,2033.37
3/9/21,GOOG,1697306,2052.7,2070,2078.04,2047.83
3/8/21,GOOG,1647429,2024.17,2101.13,2128.81,2021.61
3/5/21,GOOG,2195218,2108.54,2073.12,2118.11,2046.42
3/4/21,GOOG,2118006,2049.09,2023.37,2089.24,2020.27
3/3/21,GOOG,1484181,2026.71,2067.21,2088.52,2010
3/2/21,GOOG,1134595,2075.84,2076.19,2104.37,2071.26
3/1/21,GOOG,1405115,2081.51,2056.52,2086.52,2046.1
2/26/21,GOOG,2083801,2036.86,2050.52,2071.01,2016.06
2/25/21,GOOG,1828432,2031.36,2067.45,2094.88,2021.29
2/24/21,GOOG,1248349,2095.17,2041.83,2100.78,2038.13
2/23/21,GOOG,1667377,2070.86,2025.01,2082.01,2002.02
2/22/21,GOOG,1367533,2064.88,2067,2091.42,2062.14
2/19/21,GOOG,1457612,2101.14,2119.27,2130.53,2097.41
2/18/21,GOOG,1121855,2117.2,2110.39,2132.74,2103.71
2/17/21,GOOG,1070941,2128.31,2100,2133.66,2098.92
2/16/21,GOOG,1133838,2121.9,2104.36,2152.68,2104.36
2/12/21,GOOG,855865,2104.11,2090.25,2108.82,2083.13
2/11/21,GOOG,945650,2095.89,2099.51,2102.03,2077.32
2/10/21,GOOG,1135464,2095.38,2094.21,2108.37,2063.09
2/9/21,GOOG,889850,2083.51,2078.54,2105.13,2078.54
2/8/21,GOOG,1242411,2092.91,2105.91,2123.55,2072
2/5/21,GOOG,1535135,2098,2070,2102.51,2059.33
2/4/21,GOOG,1852329,2062.37,2068.89,2078.55,2042.59
2/3/21,GOOG,4118170,2070.07,2073,2116.5,2018.38
2/2/21,GOOG,2273723,1927.51,1922.56,1955.76,1914.49
2/1/21,GOOG,1602182,1901.35,1853.57,1922.39,1850.93
1/29/21,GOOG,1612552,1835.74,1846.17,1857.28,1810.2
1/28/21,GOOG,1773138,1863.11,1843.94,1898.83,1842.64
1/27/21,GOOG,2748292,1830.79,1882.53,1890,1809
1/26/21,GOOG,1313139,1917.24,1888.84,1925,1884.25
1/25/21,GOOG,1927320,1899.4,1920.67,1929.58,1867.53
1/22/21,GOOG,1272232,1901.05,1895.68,1910.95,1881.76
1/21/21,GOOG,2063932,1891.25,1898,1934.86,1887.11
1/20/21,GOOG,2490258,1886.9,1831.46,1903.71,1825.53
1/19/21,GOOG,1734614,1790.86,1752.25,1809.28,1741.46
1/15/21,GOOG,1342170,1736.19,1738.19,1756,1721.55
1/14/21,GOOG,1179477,1740.18,1753.62,1775.01,1733.4
1/13/21,GOOG,1094131,1754.4,1738.58,1765.04,1738.01
1/12/21,GOOG,1357691,1746.55,1753.92,1778.04,1725.31
1/11/21,GOOG,1209735,1766.72,1786.07,1794.32,1760.52
1/8/21,GOOG,2051002,1807.21,1787.98,1809.84,1773.54
1/7/21,GOOG,2265022,1787.25,1740.06,1788.4,1737.05
1/6/21,GOOG,2602114,1735.29,1702.63,1748,1699
1/5/21,GOOG,1145347,1740.92,1725,1747.67,1718.02
1/4/21,GOOG,1901855,1728.24,1757.54,1760.65,1707.85
12/31/20,GOOG,1012240,1751.88,1735.42,1758.93,1735.42
12/30/20,GOOG,1306130,1739.52,1762.01,1765.1,1725.6
12/29/20,GOOG,1299395,1758.72,1787.79,1792.44,1756.09
12/28/20,GOOG,1393033,1776.09,1751.64,1790.73,1746.34
12/24/20,GOOG,346753,1738.85,1735,1746,1729.11
12/23/20,GOOG,1033917,1732.38,1728.11,1747.99,1725.04
12/22/20,GOOG,938346,1723.5,1734.43,1737.41,1712.58
12/21/20,GOOG,1828378,1739.37,1713.51,1740.85,1699
12/18/20,GOOG,4016353,1731.01,1754.18,1755.11,1720.22
12/17/20,GOOG,1624744,1747.9,1768.51,1771.78,1738.66
12/16/20,GOOG,1513543,1763,1772.88,1773,1756.08
12/15/20,GOOG,1482261,1767.77,1764.42,1771.42,1749.95
12/14/20,GOOG,1600173,1760.06,1775,1797.39,1757.22
12/11/20,GOOG,1220651,1781.77,1763.06,1784.45,1760
12/10/20,GOOG,1362848,1775.33,1769.8,1781.31,1740.32
12/9/20,GOOG,1507558,1784.13,1812.01,1834.27,1767.81
12/8/20,GOOG,1096319,1818.55,1810.1,1821.9,1796.2
12/7/20,GOOG,1320946,1819.48,1819,1832.37,1805.78
12/4/20,GOOG,1378166,1827.99,1824.52,1833.16,1816.99
12/3/20,GOOG,1227298,1826.77,1824.01,1847.2,1822.65
12/2/20,GOOG,1222032,1827.95,1798.1,1835.65,1789.47
12/1/20,GOOG,1739045,1798.1,1774.37,1824.83,1769.37
11/30/20,GOOG,1823836,1760.74,1781.18,1788.07,1755
11/27/20,GOOG,884916,1793.19,1773.09,1804,1772.44
11/25/20,GOOG,1046122,1771.43,1772.89,1778.54,1756.54
11/24/20,GOOG,1579703,1768.88,1730.5,1771.6,1727.69
11/23/20,GOOG,2161975,1734.86,1749.6,1753.9,1717.72
11/20/20,GOOG,2313655,1742.19,1765.21,1774,1741.86
11/19/20,GOOG,1249910,1763.92,1738.38,1769.59,1737.01
11/18/20,GOOG,1173466,1746.78,1765.23,1773.47,1746.14
11/17/20,GOOG,1147114,1770.15,1776.94,1785,1767
11/16/20,GOOG,1246785,1781.38,1771.7,1799.07,1767.69
11/13/20,GOOG,1500574,1777.02,1757.63,1781.04,1744.55
11/12/20,GOOG,1248754,1749.84,1747.63,1768.27,1745.6
11/11/20,GOOG,1263966,1752.71,1750,1764.22,1747.37
11/10/20,GOOG,2636142,1740.39,1731.09,1763,1717.3
11/9/20,GOOG,2268270,1763,1790.9,1818.06,1760.02
11/6/20,GOOG,1661225,1761.75,1753.95,1772.43,1740.35
11/5/20,GOOG,2065812,1763.37,1781,1793.64,1750.51
11/4/20,GOOG,3570927,1749.13,1710.28,1771.37,1706.03
11/3/20,GOOG,1661653,1650.21,1631.78,1661.7,1616.62
11/2/20,GOOG,2535446,1626.03,1628.16,1660.77,1616.03
10/30/20,GOOG,4330862,1621.01,1672.11,1687,1604.46
10/29/20,GOOG,2003064,1567.24,1522.36,1593.71,1522.24
10/28/20,GOOG,1833959,1516.62,1559.74,1561.35,1514.62
10/27/20,GOOG,1229002,1604.26,1595.67,1606.85,1582.78
10/26/20,GOOG,1853254,1590.45,1625.01,1638.24,1576.5
10/23/20,GOOG,1375844,1641,1626.07,1642.36,1620.51
10/22/20,GOOG,1434042,1615.33,1593.05,1621.99,1585
10/21/20,GOOG,2568345,1593.31,1573.33,1618.73,1571.63
10/20/20,GOOG,2242572,1555.93,1527.05,1577.5,1525.67
10/19/20,GOOG,1607075,1534.61,1580.46,1588.15,1528
10/16/20,GOOG,1435137,1573.01,1565.85,1581.13,1563
10/15/20,GOOG,1540817,1559.13,1547.15,1575.11,1545.03
10/14/20,GOOG,1930990,1568.08,1578.59,1587.68,1550.53
10/13/20,GOOG,1601043,1571.68,1583.73,1590,1563.2
10/12/20,GOOG,2482560,1569.15,1543,1593.86,1532.57
10/9/20,GOOG,1435542,1515.22,1494.7,1516.52,1489.45
10/8/20,GOOG,1187831,1485.93,1465.09,1490,1465.09
10/7/20,GOOG,1746156,1460.29,1464.29,1468.96,1436
10/6/20,GOOG,1245423,1453.44,1475.58,1486.76,1448.59
10/5/20,GOOG,1113257,1486.02,1466.21,1488.21,1464.27
10/2/20,GOOG,1284071,1458.42,1462.03,1483.2,1450.92
10/1/20,GOOG,1779497,1490.09,1484.27,1499.04,1479.21
9/30/20,GOOG,1701608,1469.6,1466.8,1489.75,1459.88
9/29/20,GOOG,979102,1469.33,1470.39,1476.66,1458.81
9/28/20,GOOG,2007941,1464.52,1474.21,1476.8,1449.3
9/25/20,GOOG,1323375,1444.96,1432.63,1450,1413.34
9/24/20,GOOG,1450216,1428.29,1411.03,1443.71,1409.85
9/23/20,GOOG,1657350,1415.21,1458.78,1460.96,1407.7
9/22/20,GOOG,1583201,1465.46,1450.09,1469.52,1434.53
9/21/20,GOOG,2888827,1431.16,1440.06,1448.36,1406.55
9/18/20,GOOG,3103882,1459.99,1498.01,1503,1437.13
9/17/20,GOOG,1879751,1495.53,1496,1508.3,1470
9/16/20,GOOG,1312299,1520.9,1555.54,1562,1519.82
9/15/20,GOOG,1331082,1541.44,1536,1559.57,1531.84
9/14/20,GOOG,1696589,1519.28,1539.01,1564,1515.74
9/11/20,GOOG,1597087,1520.72,1536,1575.2,1497.36
9/10/20,GOOG,1618557,1532.02,1560.64,1584.08,1525.81
9/9/20,GOOG,1774704,1556.96,1557.53,1569,1536.05
9/8/20,GOOG,2610884,1532.39,1533.51,1563.87,1528.01
9/4/20,GOOG,2608568,1591.04,1624.26,1645.11,1547.61
9/3/20,GOOG,3107763,1641.84,1709.71,1709.71,1615.06
9/2/20,GOOG,2511180,1728.28,1673.78,1733.18,1666.33
9/1/20,GOOG,1826655,1660.71,1636.63,1665.73,1632.22
8/31/20,GOOG,1823406,1634.18,1647.89,1647.97,1630.31
8/28/20,GOOG,1499782,1644.41,1633.49,1647.17,1630.75
8/27/20,GOOG,1861602,1634.33,1653.68,1655,1625.75
8/26/20,GOOG,3581072,1652.38,1608,1659.22,1603.6
8/25/20,GOOG,2132084,1608.22,1582.07,1611.62,1582.07
8/24/20,GOOG,1410229,1588.2,1593.98,1614.17,1580.57
8/21/20,GOOG,1446453,1580.42,1577.03,1597.72,1568.01
8/20/20,GOOG,1706877,1581.75,1543.45,1585.87,1538.2
8/19/20,GOOG,1660611,1547.53,1553.31,1573.68,1543.95
8/18/20,GOOG,2027086,1558.6,1526.18,1562.47,1523.71
8/17/20,GOOG,1378600,1517.98,1514.67,1525.61,1507.97
8/14/20,GOOG,1355200,1507.73,1515.66,1521.9,1502.88
8/13/20,GOOG,1455208,1518.45,1510.34,1537.25,1508.01
8/12/20,GOOG,1437655,1506.62,1485.58,1512.39,1485.25
8/11/20,GOOG,1454365,1480.32,1492.44,1510,1478
8/10/20,GOOG,1289530,1496.1,1487.18,1504.08,1473.08
8/7/20,GOOG,1577826,1494.49,1500,1516.85,1481.64
8/6/20,GOOG,1995368,1500.1,1471.75,1502.39,1466
8/5/20,GOOG,1979957,1473.61,1469.3,1482.41,1463.46
8/4/20,GOOG,1903489,1464.97,1476.57,1485.56,1458.65
8/3/20,GOOG,2331514,1474.45,1486.64,1490.47,1465.64
7/31/20,GOOG,3429036,1482.96,1505.01,1508.95,1454.03
7/30/20,GOOG,1671396,1531.45,1497,1537.87,1492.22
7/29/20,GOOG,1106534,1522.02,1506.32,1531.25,1501.33
7/28/20,GOOG,1702174,1500.34,1525.18,1526.48,1497.66
7/27/20,GOOG,1245980,1530.2,1515.6,1540.97,1515.21
7/24/20,GOOG,1544404,1511.87,1498.93,1517.64,1488.4
7/23/20,GOOG,1627634,1515.68,1566.97,1571.87,1507.39
7/22/20,GOOG,931985,1568.49,1560.5,1570,1546.1
7/21/20,GOOG,1218645,1558.42,1586.99,1586.99,1554.28
7/20/20,GOOG,1557252,1565.72,1515.26,1570.29,1503.6
7/17/20,GOOG,1457010,1515.55,1521.62,1523.44,1498.42
7/16/20,GOOG,1519345,1518,1500,1518.69,1486.31
7/15/20,GOOG,1610684,1513.64,1523.13,1535.33,1498
7/14/20,GOOG,1585016,1520.58,1490.31,1522.95,1483.5
7/13/20,GOOG,1846424,1511.34,1550,1577.13,1505.24
7/10/20,GOOG,1856704,1541.74,1506.15,1543.83,1496.54
7/9/20,GOOG,1423322,1510.99,1506.45,1522.72,1488.09
7/8/20,GOOG,1249658,1496,1494.32,1505.88,1485.63
7/7/20,GOOG,1458172,1485.18,1490,1516.8,1483.55
7/6/20,GOOG,1563997,1495.7,1480.06,1506.59,1472.86
7/2/20,GOOG,1859480,1464.7,1446.94,1482.95,1446.42
7/1/20,GOOG,1775167,1438.04,1411.1,1443,1409.82
6/30/20,GOOG,2042381,1413.61,1390.44,1418.65,1383.96
6/29/20,GOOG,1810180,1394.97,1358.18,1395.6,1347.01
6/26/20,GOOG,4267698,1359.9,1431.39,1433.45,1351.99
6/25/20,GOOG,1230474,1441.33,1429.9,1442.9,1420
6/24/20,GOOG,1756022,1431.97,1461.51,1475.42,1429.75
6/23/20,GOOG,1429764,1464.41,1455.64,1475.94,1445.24
6/22/20,GOOG,1542440,1451.86,1429,1452.75,1423.21
6/19/20,GOOG,3157875,1431.72,1444,1447.8,1421.35
6/18/20,GOOG,1581916,1435.96,1449.16,1451.41,1427.01
6/17/20,GOOG,1549615,1451.12,1447.16,1460,1431.38
6/16/20,GOOG,1711614,1442.72,1445.22,1455.02,1425.9
6/15/20,GOOG,1506096,1419.85,1390.8,1424.8,1387.92
6/12/20,GOOG,1946367,1413.18,1428.49,1437,1386.02
6/11/20,GOOG,1991332,1403.84,1442.48,1454.48,1402
6/10/20,GOOG,1525153,1465.85,1459.54,1474.26,1456.27
6/9/20,GOOG,1409249,1456.16,1445.36,1468,1443.21
6/8/20,GOOG,1404178,1446.61,1422.34,1447.99,1422.34
6/5/20,GOOG,1735244,1438.39,1413.17,1445.05,1406
6/4/20,GOOG,1484272,1412.18,1430.4,1438.96,1404.73
6/3/20,GOOG,1256186,1436.38,1438.3,1446.55,1429.78
6/2/20,GOOG,1278128,1439.22,1430.55,1439.61,1418.83
6/1/20,GOOG,1217140,1431.82,1418.39,1437.96,1418
5/29/20,GOOG,1838059,1428.92,1416.94,1432.57,1413.35
5/28/20,GOOG,1693976,1416.73,1396.86,1440.84,1396
5/27/20,GOOG,1686142,1417.84,1417.25,1421.74,1391.29
5/26/20,GOOG,2060643,1417.02,1437.27,1441,1412.13
5/22/20,GOOG,1309408,1410.42,1396.71,1412.76,1391.83
5/21/20,GOOG,1385194,1402.8,1408,1415.49,1393.45
5/20/20,GOOG,1655375,1406.72,1389.58,1410.42,1387.25
5/19/20,GOOG,1280649,1373.49,1387,1392,1373.49
5/18/20,GOOG,1823964,1383.94,1361.75,1392.33,1354.25
5/15/20,GOOG,1707747,1373.19,1350,1374.48,1339
5/14/20,GOOG,1603077,1356.13,1335.02,1357.42,1323.91
5/13/20,GOOG,1812585,1349.33,1377.05,1385.48,1328.4
5/12/20,GOOG,1390600,1375.74,1407.12,1415,1374.77
5/11/20,GOOG,1412116,1403.26,1378.28,1416.53,1377.15
5/8/20,GOOG,1388068,1388.37,1383.13,1398.76,1375.48
5/7/20,GOOG,1399759,1372.56,1365.94,1377.6,1355.27
5/6/20,GOOG,1215423,1347.3,1361.69,1371.12,1347.29
5/5/20,GOOG,1651533,1351.11,1337.92,1373.94,1337.46
5/4/20,GOOG,1504017,1326.8,1308.23,1327.66,1299
5/1/20,GOOG,2072639,1320.61,1328.5,1352.07,1311
4/30/20,GOOG,2668906,1348.66,1324.88,1352.82,1322.49
4/29/20,GOOG,3793624,1341.48,1341.46,1359.99,1325.34
4/28/20,GOOG,2951309,1233.67,1287.93,1288.05,1232.2
4/27/20,GOOG,1600563,1275.88,1296,1296.15,1269
4/24/20,GOOG,1640394,1279.31,1261.17,1280.4,1249.45
4/23/20,GOOG,1566203,1276.31,1271.55,1293.31,1265.67
4/22/20,GOOG,2093140,1263.21,1245.54,1285.61,1242
4/21/20,GOOG,2153003,1216.34,1247,1254.27,1209.71
4/20/20,GOOG,1695488,1266.61,1271,1281.6,1261.37
4/17/20,GOOG,1949042,1283.25,1284.85,1294.43,1271.23
4/16/20,GOOG,2518099,1263.47,1274.1,1279,1242.62
4/15/20,GOOG,1671703,1262.47,1245.61,1280.46,1240.4
4/14/20,GOOG,2470353,1269.23,1245.09,1282.07,1236.93
4/13/20,GOOG,1739828,1217.56,1209.18,1220.51,1187.6
4/9/20,GOOG,2175421,1211.45,1224.08,1225.57,1196.74
4/8/20,GOOG,1975135,1210.28,1206.5,1219.07,1188.16
4/7/20,GOOG,2387329,1186.51,1221,1225,1182.23
4/6/20,GOOG,2664723,1186.92,1138,1194.66,1130.94
4/3/20,GOOG,2313400,1097.88,1119.02,1123.54,1079.81
4/2/20,GOOG,1964881,1120.84,1098.26,1126.86,1096.4
4/1/20,GOOG,2344173,1105.62,1122,1129.69,1097.45
3/31/20,GOOG,2487983,1162.81,1147.3,1175.31,1138.14
3/30/20,GOOG,2574061,1146.82,1125.04,1151.63,1096.48
3/27/20,GOOG,3208495,1110.71,1125.67,1150.67,1105.91
3/26/20,GOOG,3573755,1161.75,1111.8,1169.97,1093.53
3/25/20,GOOG,4081528,1102.49,1126.47,1148.9,1086.01
3/24/20,GOOG,3344450,1134.46,1103.77,1135,1090.62
3/23/20,GOOG,4044137,1056.62,1061.32,1071.32,1013.54
3/20/20,GOOG,3601750,1072.32,1135.72,1143.99,1065.49
3/19/20,GOOG,3651106,1115.29,1093.05,1157.97,1060.11
3/18/20,GOOG,4233435,1096.8,1056.51,1106.5,1037.28
3/17/20,GOOG,3861489,1119.8,1093.11,1130.86,1056.01
3/16/20,GOOG,4252365,1084.33,1096,1152.27,1074.44
3/13/20,GOOG,3700125,1219.73,1179,1219.76,1117.14
3/12/20,GOOG,4226748,1114.91,1126,1193.87,1113.3
3/11/20,GOOG,2611229,1215.41,1249.7,1260.96,1196.07
3/10/20,GOOG,2611373,1280.39,1260,1281.15,1218.77
3/9/20,GOOG,3365365,1215.56,1205.3,1254.76,1200
3/6/20,GOOG,2660628,1298.41,1277.06,1306.22,1261.05
3/5/20,GOOG,2561288,1319.04,1350.2,1358.91,1305.1
3/4/20,GOOG,1913315,1386.52,1359.23,1388.09,1343.11
3/3/20,GOOG,2402326,1341.39,1399.42,1410.15,1332
3/2/20,GOOG,2431468,1389.11,1351.61,1390.87,1326.82
2/28/20,GOOG,3790618,1339.33,1277.5,1341.14,1271
2/27/20,GOOG,2978300,1318.09,1362.06,1371.7,1317.17
2/26/20,GOOG,2204037,1393.18,1396.14,1415.7,1379
2/25/20,GOOG,2478278,1388.45,1433,1438.14,1382.4
2/24/20,GOOG,2867053,1421.59,1426.11,1436.97,1411.39
2/21/20,GOOG,1732273,1485.11,1508.03,1512.22,1480.44
2/20/20,GOOG,1096552,1518.15,1522,1529.64,1506.82
2/19/20,GOOG,949268,1526.69,1525.07,1532.11,1521.4
2/18/20,GOOG,1121140,1519.67,1515,1531.63,1512.59
2/14/20,GOOG,1197836,1520.74,1515.6,1520.74,1507.34
2/13/20,GOOG,929730,1514.66,1512.69,1527.18,1504.6
2/12/20,GOOG,1167565,1518.27,1514.48,1520.7,1508.11
2/11/20,GOOG,1344633,1508.79,1511.81,1529.63,1505.64
2/10/20,GOOG,1419876,1508.68,1474.32,1509.5,1474.32
2/7/20,GOOG,1172270,1479.23,1467.3,1485.84,1466.35
2/6/20,GOOG,1679384,1476.23,1450.33,1482,1449.57
2/5/20,GOOG,1986157,1448.23,1462.42,1463.84,1430.56
2/4/20,GOOG,3932954,1447.07,1457.07,1469.5,1426.3
2/3/20,GOOG,3055216,1485.94,1462,1490,1458.99
1/31/20,GOOG,2417214,1434.23,1468.9,1470.13,1428.53
1/30/20,GOOG,1339421,1455.84,1439.96,1457.28,1436.4
1/29/20,GOOG,1078667,1458.63,1458.8,1465.43,1446.74
1/28/20,GOOG,1577422,1452.56,1443,1456,1432.47
1/27/20,GOOG,1755201,1433.9,1431,1438.07,1421.2
1/24/20,GOOG,1784644,1466.71,1493.59,1495.5,1465.25
1/23/20,GOOG,1351354,1486.65,1487.64,1495.52,1482.1
1/22/20,GOOG,1610846,1485.95,1491,1503.21,1484.93
1/21/20,GOOG,2036780,1484.4,1479.12,1491.85,1471.2
1/17/20,GOOG,2396215,1480.39,1462.91,1481.3,1458.22
1/16/20,GOOG,1173688,1451.7,1447.44,1451.99,1440.92
1/15/20,GOOG,1282685,1439.2,1430.21,1441.4,1430.21
1/14/20,GOOG,1560453,1430.88,1439.01,1441.8,1428.37
1/13/20,GOOG,1653482,1439.23,1436.13,1440.52,1426.02
1/10/20,GOOG,1821566,1429.73,1427.56,1434.93,1418.35
1/9/20,GOOG,1502664,1419.83,1420.57,1427.33,1410.27
1/8/20,GOOG,1529177,1404.32,1392.08,1411.58,1390.84
1/7/20,GOOG,1511693,1393.34,1397.94,1402.99,1390.38
1/6/20,GOOG,1733149,1394.21,1350,1396.5,1350
1/3/20,GOOG,1187006,1360.66,1347.86,1372.5,1345.54
1/2/20,GOOG,1406731,1367.37,1341.55,1368.14,1341.55
12/31/19,GOOG,962468,1337.02,1330.11,1338,1329.09
12/30/19,GOOG,1051323,1336.14,1350,1353,1334.02
12/27/19,GOOG,1038718,1351.89,1362.99,1364.53,1349.31
12/26/19,GOOG,667754,1360.4,1346.17,1361.33,1344.47
12/24/19,GOOG,347518,1343.56,1348.5,1350.26,1342.78
12/23/19,GOOG,883200,1348.84,1355.87,1359.8,1346.51
12/20/19,GOOG,3316905,1349.59,1363.35,1363.64,1349
12/19/19,GOOG,1470112,1356.04,1351.82,1358.1,1348.99
12/18/19,GOOG,1657069,1352.62,1356.6,1360.47,1351
12/17/19,GOOG,1855259,1355.12,1362.89,1365,1351.32
12/16/19,GOOG,1397451,1361.17,1356.5,1364.68,1352.67
12/13/19,GOOG,1550028,1347.83,1347.95,1353.09,1343.87
12/12/19,GOOG,1281722,1350.27,1345.94,1355.78,1340.5
12/11/19,GOOG,850796,1345.02,1350.84,1351.2,1342.67
12/10/19,GOOG,1094653,1344.66,1341.5,1349.98,1336.04
12/9/19,GOOG,1355795,1343.56,1338.04,1359.45,1337.84
12/6/19,GOOG,1315510,1340.62,1333.44,1344,1333.44
12/5/19,GOOG,1212818,1328.13,1328,1329.36,1316.44
12/4/19,GOOG,1538110,1320.54,1307.01,1325.8,1304.87
12/3/19,GOOG,1268647,1295.28,1279.57,1298.46,1279
12/2/19,GOOG,1511851,1289.92,1301,1305.83,1281
11/29/19,GOOG,586981,1304.96,1307.12,1310.21,1303.97
11/27/19,GOOG,996329,1312.99,1315,1318.36,1309.63
11/26/19,GOOG,1069795,1313.55,1309.86,1314.8,1305.09
11/25/19,GOOG,1036487,1306.69,1299.18,1311.31,1298.13
11/22/19,GOOG,1386506,1295.34,1305.62,1308.73,1291.41
11/21/19,GOOG,995499,1301.35,1301.48,1312.59,1293
11/20/19,GOOG,1309835,1303.05,1311.74,1315,1291.15
11/19/19,GOOG,1269372,1315.46,1327.7,1327.7,1312.8
11/18/19,GOOG,1488083,1320.7,1332.22,1335.53,1317.5
11/15/19,GOOG,1782955,1334.87,1318.94,1334.88,1314.28
11/14/19,GOOG,1194305,1311.46,1297.5,1317,1295.65
11/13/19,GOOG,853861,1298,1294.07,1304.3,1293.51
11/12/19,GOOG,1085859,1298.8,1300,1310,1295.77
11/11/19,GOOG,1012429,1299.19,1303.18,1306.43,1297.41
11/8/19,GOOG,1251916,1311.37,1305.28,1318,1304.37
11/7/19,GOOG,2029970,1308.86,1294.28,1323.74,1294.25
11/6/19,GOOG,1152977,1291.8,1289.46,1293.73,1282.5
11/5/19,GOOG,1282711,1292.03,1292.89,1298.93,1291.23
11/4/19,GOOG,1500964,1291.37,1276.45,1294.13,1276.36
11/1/19,GOOG,1670072,1273.74,1265,1274.62,1260.5
10/31/19,GOOG,1455651,1260.11,1261.28,1267.67,1250.84
10/30/19,GOOG,1408851,1261.29,1252.97,1269.36,1252
10/29/19,GOOG,1886380,1262.62,1276.23,1281.59,1257.21
10/28/19,GOOG,2613237,1290,1275.45,1299.31,1272.54
10/25/19,GOOG,1213051,1265.13,1251.03,1269.6,1250.01
10/24/19,GOOG,1039868,1260.99,1260.9,1264,1253.72
10/23/19,GOOG,928595,1259.13,1242.36,1259.89,1242.36
10/22/19,GOOG,1047851,1242.8,1247.85,1250.6,1241.38
10/21/19,GOOG,1038042,1246.15,1252.26,1254.63,1240.6
10/18/19,GOOG,1352839,1245.49,1253.46,1258.89,1241.08
10/17/19,GOOG,980510,1253.07,1250.93,1263.33,1249.94
10/16/19,GOOG,1168174,1243.64,1241.17,1254.74,1238.45
10/15/19,GOOG,1395259,1243.01,1220.4,1247.33,1220.4
10/14/19,GOOG,882039,1217.14,1212.34,1226.33,1211.76
10/11/19,GOOG,1277144,1215.45,1222.21,1228.39,1213.74
10/10/19,GOOG,932531,1208.67,1198.58,1215,1197.34
10/9/19,GOOG,876632,1202.31,1199.35,1208.35,1197.63
10/8/19,GOOG,1141784,1189.13,1197.59,1206.08,1189.01
10/7/19,GOOG,867149,1207.68,1204.4,1218.2,1203.75
10/4/19,GOOG,1183264,1209,1191.89,1211.44,1189.17
10/3/19,GOOG,1663656,1187.83,1180,1189.06,1162.43
10/2/19,GOOG,1639237,1176.63,1196.98,1196.99,1171.29
10/1/19,GOOG,1358279,1205.1,1219,1231.23,1203.58
9/30/19,GOOG,1419676,1219,1220.97,1226,1212.3
9/27/19,GOOG,1354432,1225.09,1243.01,1244.02,1214.45
9/26/19,GOOG,1561882,1241.39,1241.96,1245,1232.27
9/25/19,GOOG,1593875,1246.52,1215.82,1248.3,1210.09
9/24/19,GOOG,1591786,1218.76,1240,1246.74,1210.68
9/23/19,GOOG,1075253,1234.03,1226,1239.09,1224.17
9/20/19,GOOG,2337269,1229.93,1233.12,1243.32,1223.08
9/19/19,GOOG,1000155,1238.71,1232.06,1244.44,1232.02
9/18/19,GOOG,1144333,1232.41,1227.51,1235.61,1216.53
9/17/19,GOOG,958112,1229.15,1230.4,1235,1223.69
9/16/19,GOOG,1053299,1231.3,1229.52,1239.56,1225.61
9/13/19,GOOG,1301350,1239.56,1231.35,1240.88,1227.01
9/12/19,GOOG,1725908,1234.25,1224.3,1241.86,1223.02
9/11/19,GOOG,1307033,1220.17,1203.41,1222.6,1202.2
9/10/19,GOOG,1260115,1206,1195.15,1210,1194.58
9/9/19,GOOG,1471880,1204.41,1204,1220,1192.62
9/6/19,GOOG,1072143,1204.93,1208.13,1212.02,1202.52
9/5/19,GOOG,1408601,1211.38,1191.53,1213.04,1191.53
9/4/19,GOOG,1068968,1181.41,1176.71,1183.48,1171
9/3/19,GOOG,1480420,1168.39,1177.03,1186.89,1163.2
8/30/19,GOOG,1129959,1188.1,1198.5,1198.5,1183.8
8/29/19,GOOG,1088858,1192.85,1181.12,1196.06,1181.12
8/28/19,GOOG,802243,1171.02,1161.71,1176.42,1157.3
8/27/19,GOOG,1077452,1167.84,1180.53,1182.4,1161.45
8/26/19,GOOG,1226441,1168.89,1157.26,1169.47,1152.96
8/23/19,GOOG,1688271,1151.29,1181.99,1194.08,1147.75
8/22/19,GOOG,947906,1189.53,1194.07,1198.01,1178.58
8/21/19,GOOG,741053,1191.25,1193.15,1199,1187.43
8/20/19,GOOG,915605,1182.69,1195.25,1196.06,1182.11
8/19/19,GOOG,1232517,1198.45,1190.09,1206.99,1190.09
8/16/19,GOOG,1349436,1177.6,1179.55,1182.72,1171.81
8/15/19,GOOG,1224739,1167.26,1163.5,1175.84,1162.11
8/14/19,GOOG,1578668,1164.29,1176.31,1182.3,1160.54
8/13/19,GOOG,1318009,1197.27,1171.46,1204.78,1171.46
8/12/19,GOOG,1003187,1174.71,1179.21,1184.96,1167.67
8/9/19,GOOG,1065658,1188.01,1197.99,1203.88,1183.6
8/8/19,GOOG,1467997,1204.8,1182.83,1205.01,1173.02
8/7/19,GOOG,1444324,1173.99,1156,1178.45,1149.62
8/6/19,GOOG,1709374,1169.95,1163.31,1179.96,1160
8/5/19,GOOG,2597455,1152.32,1170.04,1175.24,1140.14
8/2/19,GOOG,1645067,1193.99,1200.74,1206.9,1188.94
8/1/19,GOOG,1698510,1209.01,1214.03,1234.11,1205.72
7/31/19,GOOG,1725454,1216.68,1223,1234,1207.76
7/30/19,GOOG,1453263,1225.14,1225.41,1234.87,1223.3
7/29/19,GOOG,2223731,1239.41,1241.05,1247.37,1228.23
7/26/19,GOOG,4805752,1250.41,1224.04,1265.55,1224
7/25/19,GOOG,2209823,1132.12,1137.82,1141.7,1120.92
7/24/19,GOOG,1590101,1137.81,1131.9,1144,1126.99
7/23/19,GOOG,1093688,1146.21,1144,1146.9,1131.8
7/22/19,GOOG,1301846,1138.07,1133.45,1139.25,1124.24
7/19/19,GOOG,1647245,1130.1,1148.19,1151.14,1129.62
7/18/19,GOOG,1291281,1146.33,1141.74,1147.61,1132.73
7/17/19,GOOG,1170047,1146.35,1150.97,1158.36,1145.77
7/16/19,GOOG,1238807,1153.58,1146,1158.58,1145
7/15/19,GOOG,903780,1150.34,1146.86,1150.82,1139.4
7/12/19,GOOG,863973,1144.9,1143.99,1147.34,1138.78
7/11/19,GOOG,1195569,1144.21,1143.25,1153.07,1139.58
7/10/19,GOOG,1209466,1140.48,1131.22,1142.05,1130.97
7/9/19,GOOG,1330370,1124.83,1111.8,1128.03,1107.17
7/8/19,GOOG,1236419,1116.35,1125.17,1125.98,1111.21
7/5/19,GOOG,1264540,1131.59,1117.8,1132.88,1116.14
7/3/19,GOOG,767011,1121.58,1117.41,1126.76,1113.86
7/2/19,GOOG,991755,1111.25,1102.24,1111.77,1098.17
7/1/19,GOOG,1438504,1097.95,1098,1107.58,1093.7
6/28/19,GOOG,1693450,1080.91,1076.39,1081,1073.37
6/27/19,GOOG,1004477,1076.01,1084,1087.1,1075.29
6/26/19,GOOG,1810869,1079.8,1086.5,1092.97,1072.24
6/25/19,GOOG,1546913,1086.35,1112.66,1114.35,1083.8
6/24/19,GOOG,1395696,1115.52,1119.61,1122,1111.01
6/21/19,GOOG,1947591,1121.88,1109.24,1124.11,1108.08
6/20/19,GOOG,1262011,1111.42,1119.99,1120.12,1104.74
6/19/19,GOOG,1339218,1102.33,1105.6,1107,1093.48
6/18/19,GOOG,1386684,1103.6,1109.69,1116.39,1098.99
6/17/19,GOOG,941602,1092.5,1086.28,1099.18,1086.28
6/14/19,GOOG,1111643,1085.35,1086.42,1092.69,1080.17
6/13/19,GOOG,1058000,1088.77,1083.64,1094.17,1080.15
6/12/19,GOOG,1061255,1077.03,1078,1080.93,1067.54
6/11/19,GOOG,1437063,1078.72,1093.98,1101.99,1077.6
6/10/19,GOOG,1464248,1080.38,1072.98,1092.66,1072.32
6/7/19,GOOG,1802370,1066.04,1050.63,1070.92,1048.4
6/6/19,GOOG,1703244,1044.34,1044.99,1047.49,1033.7
6/5/19,GOOG,2168439,1042.22,1051.54,1053.55,1030.49
6/4/19,GOOG,2833483,1053.05,1042.9,1056.05,1033.69
6/3/19,GOOG,5130576,1036.23,1065.5,1065.5,1025
5/31/19,GOOG,1508203,1103.63,1101.29,1109.6,1100.18
5/30/19,GOOG,951873,1117.95,1115.54,1123.13,1112.12
5/29/19,GOOG,1538212,1116.46,1127.52,1129.1,1108.22
5/28/19,GOOG,1365166,1134.15,1134,1151.59,1133.12
5/24/19,GOOG,1112341,1133.47,1147.36,1149.77,1131.66
5/23/19,GOOG,1199300,1140.77,1140.5,1145.97,1129.22
5/22/19,GOOG,914839,1151.42,1146.75,1158.52,1145.89
5/21/19,GOOG,1160158,1149.63,1148.49,1152.71,1137.94
5/20/19,GOOG,1353292,1138.85,1144.5,1146.8,1131.44
5/17/19,GOOG,1208623,1162.3,1168.47,1180.15,1160.01
5/16/19,GOOG,1531404,1178.98,1164.51,1188.16,1162.84
5/15/19,GOOG,2289302,1164.21,1117.87,1171.33,1116.67
5/14/19,GOOG,1836604,1120.44,1137.21,1140.42,1119.55
5/13/19,GOOG,1860648,1132.03,1141.96,1147.94,1122.11
5/10/19,GOOG,1314546,1164.27,1163.59,1172.6,1142.5
5/9/19,GOOG,1185973,1162.38,1159.03,1169.66,1150.85
5/8/19,GOOG,1309514,1166.27,1172.01,1180.42,1165.74
5/7/19,GOOG,1551368,1174.1,1180.47,1190.44,1161.04
5/6/19,GOOG,1563943,1189.39,1166.26,1190.85,1166.26
5/3/19,GOOG,1980653,1185.4,1173.65,1186.8,1169
5/2/19,GOOG,1944817,1162.61,1167.76,1174.19,1155
5/1/19,GOOG,2642983,1168.08,1188.05,1188.05,1167.18
4/30/19,GOOG,6194691,1188.48,1185,1192.81,1175
4/29/19,GOOG,2412788,1287.58,1274,1289.27,1266.29
4/26/19,GOOG,1228276,1272.18,1269,1273.07,1260.32
4/25/19,GOOG,1099614,1263.45,1264.77,1267.41,1252.03
4/24/19,GOOG,1015006,1256,1264.12,1268.01,1255
4/23/19,GOOG,1271195,1264.55,1250.69,1269,1246.38
4/22/19,GOOG,806577,1248.84,1235.99,1249.09,1228.31
4/18/19,GOOG,1315676,1236.37,1239.18,1242,1234.61
4/17/19,GOOG,1211866,1236.34,1233,1240.56,1227.82
4/16/19,GOOG,855258,1227.13,1225,1230.82,1220.12
4/15/19,GOOG,1187353,1221.1,1218,1224.2,1209.11
4/12/19,GOOG,926799,1217.87,1210,1218.35,1208.11
4/11/19,GOOG,709417,1204.62,1203.96,1207.96,1200.13
4/10/19,GOOG,724524,1202.16,1200.68,1203.79,1196.44
4/9/19,GOOG,865416,1197.25,1196,1202.29,1193.08
4/8/19,GOOG,859969,1203.84,1207.89,1208.69,1199.86
4/5/19,GOOG,900950,1207.15,1214.99,1216.22,1205.03
4/4/19,GOOG,949962,1215,1205.94,1215.67,1204.13
4/3/19,GOOG,1014195,1205.92,1207.48,1216.3,1200.5
4/2/19,GOOG,800820,1200.49,1195.32,1201.35,1185.71
4/1/19,GOOG,1188235,1194.43,1184.1,1196.66,1182
3/29/19,GOOG,1269573,1173.31,1174.9,1178.99,1162.88
3/28/19,GOOG,966843,1168.49,1171.54,1171.57,1159.43
3/27/19,GOOG,1362217,1173.02,1185.5,1187.56,1159.37
3/26/19,GOOG,1894639,1184.62,1198.53,1202.83,1176.72
3/25/19,GOOG,1493841,1193,1196.93,1206.4,1187.04
3/22/19,GOOG,1668910,1205.5,1226.32,1230,1202.83
3/21/19,GOOG,1195899,1231.54,1216,1231.79,1213.15
3/20/19,GOOG,2089367,1223.97,1197.35,1227.14,1196.17
3/19/19,GOOG,1404863,1198.85,1188.81,1200,1185.87
3/18/19,GOOG,1212506,1184.26,1183.3,1190,1177.42
3/15/19,GOOG,2457597,1184.46,1193.38,1196.57,1182.61
3/14/19,GOOG,1150950,1185.55,1194.51,1197.88,1184.48
3/13/19,GOOG,1434816,1193.32,1200.65,1200.93,1191.94
3/12/19,GOOG,2012306,1193.2,1178.26,1200,1178.26
3/11/19,GOOG,1569332,1175.76,1144.45,1176.19,1144.45
3/8/19,GOOG,1212271,1142.32,1126.73,1147.08,1123.3
3/7/19,GOOG,1166076,1143.3,1155.72,1156.76,1134.91
3/6/19,GOOG,1094100,1157.86,1162.49,1167.57,1155.49
3/5/19,GOOG,1422357,1162.03,1150.06,1169.61,1146.2
3/4/19,GOOG,1444774,1147.8,1146.99,1158.28,1130.69
3/1/19,GOOG,1447454,1140.99,1124.9,1142.97,1124.75
2/28/19,GOOG,1541068,1119.92,1111.3,1127.65,1111.01
2/27/19,GOOG,968362,1116.05,1106.95,1117.98,1101
2/26/19,GOOG,1469761,1115.13,1105.75,1119.51,1099.92
2/25/19,GOOG,1395281,1109.4,1116,1118.54,1107.27
2/22/19,GOOG,1048361,1110.37,1100.9,1111.24,1095.6
2/21/19,GOOG,1414744,1096.97,1110.84,1111.94,1092.52
2/20/19,GOOG,1080144,1113.8,1119.99,1123.41,1105.28
2/19/19,GOOG,1046315,1118.56,1110,1121.89,1110
2/15/19,GOOG,1442461,1113.65,1130.08,1131.67,1110.65
2/14/19,GOOG,941678,1121.67,1118.05,1128.23,1110.45
2/13/19,GOOG,1048630,1120.16,1124.99,1134.73,1118.5
2/12/19,GOOG,1608658,1121.37,1106.8,1125.3,1105.85
2/11/19,GOOG,1063825,1095.01,1096.95,1105.95,1092.86
2/8/19,GOOG,1072031,1095.06,1087,1098.91,1086.55
2/7/19,GOOG,2040615,1098.71,1104.16,1104.84,1086
2/6/19,GOOG,2101674,1115.23,1139.57,1147,1112.77
2/5/19,GOOG,3529974,1145.99,1124.84,1146.85,1117.25
2/4/19,GOOG,2518184,1132.8,1112.66,1132.8,1109.02
2/1/19,GOOG,1455609,1110.75,1112.4,1125,1104.89
1/31/19,GOOG,1531463,1116.37,1103,1117.33,1095.41
1/30/19,GOOG,1241760,1089.06,1068.43,1091,1066.85
1/29/19,GOOG,1006731,1060.62,1072.68,1075.15,1055.86
1/28/19,GOOG,1277745,1070.08,1080.11,1083,1063.8
1/25/19,GOOG,1114785,1090.99,1085,1094,1081.82
1/24/19,GOOG,1317718,1073.9,1076.48,1079.48,1060.7
1/23/19,GOOG,956526,1075.57,1077.35,1084.93,1059.75
1/22/19,GOOG,1607398,1070.52,1088,1091.51,1063.47
1/18/19,GOOG,1933754,1098.26,1100,1108.35,1090.9
1/17/19,GOOG,1223674,1089.9,1079.47,1091.8,1073.5
1/16/19,GOOG,1320530,1080.97,1080,1092.38,1079.34
1/15/19,GOOG,1452238,1077.15,1050.17,1080.05,1047.34
1/14/19,GOOG,1127417,1044.69,1046.92,1051.53,1041.26
1/11/19,GOOG,1512651,1057.19,1063.18,1063.78,1048.48
1/10/19,GOOG,1444976,1070.33,1067.66,1071.15,1057.71
1/9/19,GOOG,1198369,1074.66,1081.65,1082.63,1066.4
1/8/19,GOOG,1748371,1076.28,1076.11,1084.56,1060.53
1/7/19,GOOG,1978077,1068.39,1071.5,1074,1054.76
1/4/19,GOOG,2080144,1070.71,1032.59,1070.84,1027.42
1/3/19,GOOG,1829379,1016.06,1041,1056.98,1014.07
1/2/19,GOOG,1516681,1045.85,1016.57,1052.32,1015.71
12/31/18,GOOG,1492541,1035.61,1050.96,1052.7,1023.59
12/28/18,GOOG,1399218,1037.08,1049.62,1055.56,1033.1
12/27/18,GOOG,2102069,1043.88,1017.15,1043.89,997
12/26/18,GOOG,2337212,1039.46,989.01,1040,983
12/24/18,GOOG,1590328,976.22,973.9,1003.54,970.11
12/21/18,GOOG,4560424,979.54,1015.3,1024.02,973.69
12/20/18,GOOG,2659047,1009.41,1018.13,1034.22,996.36
12/19/18,GOOG,2419322,1023.01,1033.99,1062,1008.05
12/18/18,GOOG,2101854,1028.71,1026.09,1049.48,1021.44
12/17/18,GOOG,2337631,1016.53,1037.51,1053.15,1007.9
12/14/18,GOOG,1685802,1042.1,1049.98,1062.6,1040.79
12/13/18,GOOG,1329198,1061.9,1068.07,1079.76,1053.93
12/12/18,GOOG,1523276,1063.68,1068,1081.65,1062.79
12/11/18,GOOG,1354751,1051.75,1056.49,1060.6,1039.84
12/10/18,GOOG,1793465,1039.55,1035.05,1048.45,1023.29
12/7/18,GOOG,2098526,1036.58,1060.01,1075.26,1028.5
12/6/18,GOOG,2758098,1068.73,1034.26,1071.2,1030.77
12/4/18,GOOG,2278200,1050.82,1103.12,1104.42,1049.98
12/3/18,GOOG,1900355,1106.43,1123.14,1124.65,1103.66
11/30/18,GOOG,2554416,1094.43,1089.07,1095.57,1077.88
11/29/18,GOOG,1403540,1088.3,1076.08,1094.25,1076
11/28/18,GOOG,2399374,1086.23,1048.76,1086.84,1035.76
11/27/18,GOOG,1801334,1044.41,1041,1057.58,1038.49
11/26/18,GOOG,1846430,1048.62,1038.35,1049.31,1033.91
11/23/18,GOOG,691462,1023.88,1030,1037.59,1022.4
11/21/18,GOOG,1531676,1037.61,1036.76,1048.56,1033.47
11/20/18,GOOG,2447254,1025.76,1000,1031.74,996.02
11/19/18,GOOG,1837207,1020,1057.2,1060.79,1016.26
11/16/18,GOOG,1641232,1061.49,1059.41,1067,1048.98
11/15/18,GOOG,1819132,1064.71,1044.71,1071.85,1031.78
11/14/18,GOOG,1561656,1043.66,1050,1054.56,1031
11/13/18,GOOG,1496534,1036.05,1043.29,1056.61,1031.15
11/12/18,GOOG,1429319,1038.63,1061.39,1062.12,1031
11/9/18,GOOG,1343154,1066.15,1073.99,1075.56,1053.11
11/8/18,GOOG,1463022,1082.4,1091.38,1093.27,1072.2
11/7/18,GOOG,2057155,1093.39,1069,1095.46,1065.9
11/6/18,GOOG,1225197,1055.81,1039.48,1064.35,1038.07
11/5/18,GOOG,2436742,1040.09,1055,1058.47,1021.24
11/2/18,GOOG,1829295,1057.79,1073.73,1082.98,1054.61
11/1/18,GOOG,1456222,1070,1075.8,1083.98,1062.46
10/31/18,GOOG,2528584,1076.77,1059.81,1091.94,1057
10/30/18,GOOG,3209126,1036.21,1008.46,1037.49,1000.75
10/29/18,GOOG,3873644,1020.08,1082.47,1097.04,995.83
10/26/18,GOOG,4185201,1071.47,1037.03,1106.53,1034.09
10/25/18,GOOG,2511884,1095.57,1071.79,1110.98,1069.55
10/24/18,GOOG,1910060,1050.71,1104.25,1106.12,1048.74
10/23/18,GOOG,1847798,1103.69,1080.89,1107.89,1070
10/22/18,GOOG,1494285,1101.16,1103.06,1112.23,1091
10/19/18,GOOG,1264605,1096.46,1093.37,1110.36,1087.75
10/18/18,GOOG,2056606,1087.97,1121.84,1121.84,1077.09
10/17/18,GOOG,1397613,1115.69,1126.46,1128.99,1102.19
10/16/18,GOOG,1845491,1121.28,1104.59,1124.22,1102.5
10/15/18,GOOG,1343231,1092.25,1108.91,1113.45,1089
10/12/18,GOOG,2029872,1110.08,1108,1115,1086.4
10/11/18,GOOG,2939514,1079.32,1072.94,1106.4,1068.27
10/10/18,GOOG,2574985,1081.22,1131.08,1132.17,1081.13
10/9/18,GOOG,1308706,1138.82,1146.15,1154.35,1137.57
10/8/18,GOOG,1877142,1148.97,1150.11,1168,1127.36
10/5/18,GOOG,1184245,1157.35,1167.5,1173.5,1145.12
10/4/18,GOOG,2151762,1168.19,1195.33,1197.51,1155.58
10/3/18,GOOG,1207280,1202.95,1205,1206.41,1193.83
10/2/18,GOOG,1655602,1200.11,1190.96,1209.96,1186.63
10/1/18,GOOG,1345250,1195.31,1199.89,1209.9,1190.3
9/28/18,GOOG,1306822,1193.47,1191.87,1195.41,1184.5
9/27/18,GOOG,1244278,1194.64,1186.73,1202.1,1183.63
9/26/18,GOOG,1346434,1180.49,1185.15,1194.23,1174.77
9/25/18,GOOG,937577,1184.65,1176.15,1186.88,1168
9/24/18,GOOG,1218532,1173.37,1157.17,1178,1146.91
9/21/18,GOOG,4363929,1166.09,1192,1192.21,1166.04
9/20/18,GOOG,1209855,1186.87,1179.99,1189.89,1173.36
9/19/18,GOOG,1185321,1171.09,1164.98,1173.21,1154.58
9/18/18,GOOG,1184407,1161.22,1157.09,1176.08,1157.09
9/17/18,GOOG,1279147,1156.05,1170.14,1177.24,1154.03
9/14/18,GOOG,934300,1172.53,1179.1,1180.43,1168.33
9/13/18,GOOG,1402005,1175.33,1170.74,1178.61,1162.85
9/12/18,GOOG,1291304,1162.82,1172.72,1178.61,1158.36
9/11/18,GOOG,1209171,1177.36,1161.63,1178.68,1156.24
9/10/18,GOOG,1115259,1164.64,1172.19,1174.54,1160.11
9/7/18,GOOG,1401034,1164.83,1158.67,1175.26,1157.22
9/6/18,GOOG,1886690,1171.44,1186.3,1186.3,1152
9/5/18,GOOG,2043732,1186.48,1193.8,1199.01,1162
9/4/18,GOOG,1800509,1197,1204.27,1212.99,1192.5
8/31/18,GOOG,1812366,1218.19,1234.98,1238.66,1211.29
8/30/18,GOOG,1320261,1239.12,1244.23,1253.64,1232.59
8/29/18,GOOG,1295939,1249.3,1237.45,1250.66,1236.36
8/28/18,GOOG,1296532,1231.15,1241.29,1242.55,1228.69
8/27/18,GOOG,1154962,1241.82,1227.6,1243.09,1225.72
8/24/18,GOOG,946529,1220.65,1208.82,1221.65,1206.36
8/23/18,GOOG,988509,1205.38,1207.14,1221.28,1204.24
8/22/18,GOOG,881463,1207.33,1200,1211.84,1199
8/21/18,GOOG,1187884,1201.62,1208,1217.26,1200.35
8/20/18,GOOG,864462,1207.77,1205.02,1211,1194.63
8/17/18,GOOG,1381724,1200.96,1202.03,1209.02,1188.24
8/16/18,GOOG,1319985,1206.49,1224.73,1226,1202.55
8/15/18,GOOG,1815642,1214.38,1229.26,1235.24,1209.51
8/14/18,GOOG,1342534,1242.1,1235.19,1245.87,1225.11
8/13/18,GOOG,957153,1235.01,1236.98,1249.27,1233.64
8/10/18,GOOG,1107323,1237.61,1243,1245.7,1232
8/9/18,GOOG,805227,1249.1,1249.9,1255.54,1246.01
8/8/18,GOOG,1369650,1245.61,1240.47,1256.5,1238.01
8/7/18,GOOG,1493073,1242.22,1237,1251.17,1236.17
8/6/18,GOOG,1080923,1224.77,1225,1226.09,1215.8
8/3/18,GOOG,1072524,1223.71,1229.62,1230,1215.06
8/2/18,GOOG,1520488,1226.15,1205.9,1229.88,1204.79
8/1/18,GOOG,1567142,1220.01,1228,1233.47,1210.21
7/31/18,GOOG,1632823,1217.26,1220.01,1227.59,1205.6
7/30/18,GOOG,1822782,1219.74,1228.01,1234.92,1211.47
7/27/18,GOOG,2115802,1238.5,1271,1273.89,1231
7/26/18,GOOG,2334881,1268.33,1251,1269.77,1249.02
7/25/18,GOOG,2115890,1263.7,1239.13,1265.86,1239.13
7/24/18,GOOG,3303268,1248.08,1262.59,1266,1235.56
7/23/18,GOOG,2584034,1205.5,1181.01,1206.49,1181
7/20/18,GOOG,1246898,1184.91,1186.96,1196.86,1184.22
7/19/18,GOOG,1256113,1186.96,1191,1200,1183.32
7/18/18,GOOG,1391232,1195.88,1196.56,1204.5,1190.34
7/17/18,GOOG,1585091,1198.8,1172.22,1203.04,1170.6
7/16/18,GOOG,1049560,1183.86,1189.39,1191,1179.28
7/13/18,GOOG,1221687,1188.82,1185,1195.42,1180
7/12/18,GOOG,1251083,1183.48,1159.89,1184.41,1155.94
7/11/18,GOOG,1094301,1153.9,1144.59,1164.29,1141
7/10/18,GOOG,789249,1152.84,1156.98,1159.59,1149.59
7/9/18,GOOG,906073,1154.05,1148.48,1154.67,1143.42
7/6/18,GOOG,966155,1140.17,1123.58,1140.93,1120.74
7/5/18,GOOG,1060752,1124.27,1110.53,1127.5,1108.48
7/3/18,GOOG,679034,1102.89,1135.82,1135.82,1100.02
7/2/18,GOOG,1188616,1127.46,1099,1128,1093.8
6/29/18,GOOG,1275979,1115.65,1120,1128.23,1115
6/28/18,GOOG,1072438,1114.22,1102.09,1122.31,1096.01
6/27/18,GOOG,1287698,1103.98,1121.34,1131.84,1103.62
6/26/18,GOOG,1559791,1118.46,1128,1133.21,1116.66
6/25/18,GOOG,2155276,1124.81,1143.6,1143.91,1112.78
6/22/18,GOOG,1310164,1155.48,1159.14,1162.5,1147.26
6/21/18,GOOG,1232352,1157.66,1174.85,1177.3,1152.23
6/20/18,GOOG,1648248,1169.84,1175.31,1186.29,1169.16
6/19/18,GOOG,1616125,1168.06,1158.5,1171.27,1154.01
6/18/18,GOOG,1400641,1173.46,1143.65,1174.31,1143.59
6/15/18,GOOG,2119134,1152.26,1148.86,1153.42,1143.49
6/14/18,GOOG,1350085,1152.12,1143.85,1155.47,1140.64
6/13/18,GOOG,1490017,1134.79,1141.12,1146.5,1133.38
6/12/18,GOOG,899231,1139.32,1131.07,1139.79,1130.74
6/11/18,GOOG,1071114,1129.99,1118.6,1137.26,1118.6
6/8/18,GOOG,1289859,1120.87,1118.18,1126.67,1112.15
6/7/18,GOOG,1519860,1123.86,1131.32,1135.82,1116.52
6/6/18,GOOG,1697489,1136.88,1142.17,1143,1125.74
6/5/18,GOOG,1538169,1139.66,1140.99,1145.74,1133.19
6/4/18,GOOG,1881046,1139.29,1122.33,1141.89,1122.01
6/1/18,GOOG,2416755,1119.5,1099.35,1120,1098.5
5/31/18,GOOG,3085325,1084.99,1067.56,1097.19,1067.56
5/30/18,GOOG,1129958,1067.8,1063.03,1069.21,1056.83
5/29/18,GOOG,1858676,1060.32,1064.89,1073.37,1055.22
5/25/18,GOOG,878903,1075.66,1079.02,1082.56,1073.78
5/24/18,GOOG,757752,1079.24,1079,1080.47,1066.15
5/23/18,GOOG,1057712,1079.69,1065.13,1080.78,1061.71
5/22/18,GOOG,1088700,1069.73,1083.56,1086.59,1066.69
5/21/18,GOOG,1012258,1079.58,1074.06,1088,1073.65
5/18/18,GOOG,1496448,1066.36,1061.86,1069.94,1060.68
5/17/18,GOOG,1031190,1078.59,1079.89,1086.87,1073.5
5/16/18,GOOG,989819,1081.77,1077.31,1089.27,1076.26
5/15/18,GOOG,1494306,1079.23,1090,1090.05,1073.47
5/14/18,GOOG,1450140,1100.2,1100,1110.75,1099.11
5/11/18,GOOG,1253205,1098.26,1093.6,1101.33,1090.91
5/10/18,GOOG,1441456,1097.57,1086.03,1100.44,1085.64
5/9/18,GOOG,2032319,1082.76,1058.1,1085.44,1056.37
5/8/18,GOOG,1217260,1053.91,1058.54,1060.55,1047.15
5/7/18,GOOG,1464008,1054.79,1049.23,1061.68,1047.1
5/4/18,GOOG,1936797,1048.21,1016.9,1048.51,1016.9
5/3/18,GOOG,1813623,1023.72,1019,1029.68,1006.29
5/2/18,GOOG,1534094,1024.38,1028.1,1040.39,1022.87
5/1/18,GOOG,1427171,1037.31,1013.66,1038.47,1008.21
4/30/18,GOOG,1664084,1017.33,1030.01,1037,1016.85
4/27/18,GOOG,1617452,1030.05,1046,1049.5,1025.59
4/26/18,GOOG,1984448,1040.04,1029.51,1047.98,1018.19
4/25/18,GOOG,2225495,1021.18,1025.52,1032.49,1015.31
4/24/18,GOOG,4750851,1019.98,1052,1057,1010.59
4/23/18,GOOG,2278846,1067.45,1077.86,1082.72,1060.7
4/20/18,GOOG,1887698,1072.96,1082,1092.35,1069.57
4/19/18,GOOG,1741907,1087.7,1069.4,1094.17,1068.18
4/18/18,GOOG,1336678,1072.08,1077.43,1077.43,1066.23
4/17/18,GOOG,2311903,1074.16,1051.37,1077.88,1048.26
4/16/18,GOOG,1194144,1037.98,1037,1043.24,1026.74
4/13/18,GOOG,1175754,1029.27,1040.88,1046.42,1022.98
4/12/18,GOOG,1357599,1032.51,1025.04,1040.69,1021.43
4/11/18,GOOG,1476133,1019.97,1027.99,1031.36,1015.87
4/10/18,GOOG,1983510,1031.64,1026.44,1036.28,1011.34
4/9/18,GOOG,1738682,1015.45,1016.8,1039.6,1014.08
4/6/18,GOOG,1740896,1007.04,1020,1031.42,1003.03
4/5/18,GOOG,1345681,1027.81,1041.33,1042.79,1020.13
4/4/18,GOOG,2464418,1025.14,993.41,1028.72,993
4/3/18,GOOG,2271858,1013.41,1013.91,1020.99,994.07
4/2/18,GOOG,2679214,1006.47,1022.82,1034.8,990.37
3/29/18,GOOG,2714402,1031.79,1011.63,1043,1002.9
3/28/18,GOOG,3345046,1004.56,998,1024.23,980.64
3/27/18,GOOG,3081612,1005.1,1063,1064.84,996.92
3/26/18,GOOG,2593808,1053.21,1046,1055.63,1008.4
3/23/18,GOOG,2147097,1021.57,1047.03,1063.36,1021.22
3/22/18,GOOG,2584639,1049.08,1081.88,1082.9,1045.91
3/21/18,GOOG,1878294,1090.88,1092.74,1106.3,1085.15
3/20/18,GOOG,1802209,1097.71,1099,1105.2,1083.46
3/19/18,GOOG,2355186,1099.82,1120.01,1121.99,1089.01
3/16/18,GOOG,2614871,1135.73,1154.14,1155.88,1131.96
3/15/18,GOOG,1397767,1149.58,1149.96,1161.08,1134.54
3/14/18,GOOG,1290638,1149.49,1145.21,1158.59,1141.44
3/13/18,GOOG,1874176,1138.17,1170,1176.76,1133.33
3/12/18,GOOG,2106548,1164.5,1163.85,1177.05,1157.42
3/9/18,GOOG,2121425,1160.04,1136,1160.8,1132.46
3/8/18,GOOG,1393529,1126,1115.32,1127.6,1112.8
3/7/18,GOOG,1277439,1109.64,1089.19,1112.22,1085.48
3/6/18,GOOG,1497087,1095.06,1099.22,1101.85,1089.78
3/5/18,GOOG,1141932,1090.93,1075.14,1097.1,1069
3/2/18,GOOG,2271394,1078.92,1053.08,1082,1048.12
3/1/18,GOOG,2511872,1069.52,1107.87,1110.12,1067
2/28/18,GOOG,1873737,1104.73,1123.03,1127.53,1103.24
2/27/18,GOOG,1772866,1118.29,1141.24,1144.04,1118
2/26/18,GOOG,1514920,1143.75,1127.8,1143.96,1126.7
2/23/18,GOOG,1190432,1126.79,1112.64,1127.28,1104.71
2/22/18,GOOG,1309536,1106.63,1116.19,1122.82,1102.59
2/21/18,GOOG,1507152,1111.34,1106.47,1133.97,1106.33
2/20/18,GOOG,1389491,1102.46,1090.57,1113.95,1088.52
2/16/18,GOOG,1680283,1094.8,1088.41,1104.67,1088.31
2/15/18,GOOG,1785552,1089.52,1079.07,1091.48,1064.34
2/14/18,GOOG,1547665,1069.7,1048.95,1071.72,1046.75
2/13/18,GOOG,1213800,1052.1,1045,1058.37,1044.09
2/12/18,GOOG,2054002,1051.94,1048,1061.5,1040.93
2/9/18,GOOG,3503970,1037.78,1017.25,1043.97,992.56
2/8/18,GOOG,2809890,1001.52,1055.41,1058.62,1000.66
2/7/18,GOOG,2353003,1048.58,1081.54,1081.78,1048.26
2/6/18,GOOG,3432313,1080.6,1027.18,1081.71,1023.14
2/5/18,GOOG,3769453,1055.8,1090.6,1110,1052.03
2/2/18,GOOG,4837979,1111.9,1122,1123.07,1107.28
2/1/18,GOOG,2380221,1167.7,1162.61,1174,1157.52
1/31/18,GOOG,1523820,1169.94,1170.57,1173,1159.13
1/30/18,GOOG,1541771,1163.69,1167.83,1176.52,1163.52
1/29/18,GOOG,1337324,1175.58,1176.48,1186.89,1171.98
1/26/18,GOOG,1981173,1175.84,1175.08,1175.84,1158.11
1/25/18,GOOG,1461518,1170.37,1172.53,1175.94,1162.76
1/24/18,GOOG,1382904,1164.24,1177.33,1179.86,1161.05
1/23/18,GOOG,1309862,1169.97,1159.85,1171.63,1158.75
1/22/18,GOOG,1616120,1155.81,1137.49,1159.88,1135.11
1/19/18,GOOG,1390118,1137.51,1131.83,1137.86,1128.3
1/18/18,GOOG,1194943,1129.79,1131.41,1132.51,1117.5
1/17/18,GOOG,1200476,1131.98,1126.22,1132.6,1117.01
1/16/18,GOOG,1566662,1121.76,1132.51,1139.91,1117.83
1/12/18,GOOG,1718491,1122.26,1102.41,1124.29,1101.15
1/11/18,GOOG,977727,1105.52,1106.3,1106.53,1099.59
1/10/18,GOOG,1042273,1102.61,1097.1,1104.6,1096.11
1/9/18,GOOG,900089,1106.26,1109.4,1110.57,1101.23
1/8/18,GOOG,1046767,1106.94,1102.23,1111.27,1101.62
1/5/18,GOOG,1279990,1102.23,1094,1104.25,1092
1/4/18,GOOG,1002945,1086.4,1088,1093.57,1084
1/3/18,GOOG,1429757,1082.48,1064.31,1086.29,1063.21
1/2/18,GOOG,1236401,1065,1048.34,1066.94,1045.23
12/29/17,GOOG,886845,1046.4,1046.72,1049.7,1044.9
12/28/17,GOOG,833011,1048.14,1051.6,1054.75,1044.77
12/27/17,GOOG,1271780,1049.37,1057.39,1058.37,1048.05
12/26/17,GOOG,761097,1056.74,1058.07,1060.12,1050.2
12/22/17,GOOG,755089,1060.12,1061.11,1064.2,1059.44
12/21/17,GOOG,986548,1063.63,1064.95,1069.33,1061.79
12/20/17,GOOG,1268285,1064.95,1071.78,1073.38,1061.52
12/19/17,GOOG,1307894,1070.68,1075.2,1076.84,1063.55
12/18/17,GOOG,1552016,1077.14,1066.08,1078.49,1062
12/15/17,GOOG,3275091,1064.19,1054.61,1067.62,1049.5
12/14/17,GOOG,1558684,1049.15,1045,1058.5,1043.11
12/13/17,GOOG,1220364,1040.61,1046.12,1046.67,1038.38
12/12/17,GOOG,1279511,1040.48,1039.63,1050.31,1033.69
12/11/17,GOOG,1190527,1041.1,1035.5,1043.8,1032.05
12/8/17,GOOG,1288419,1037.05,1037.49,1042.05,1032.52
12/7/17,GOOG,1458145,1030.93,1020.43,1034.24,1018.07
12/6/17,GOOG,1258496,1018.38,1001.5,1024.97,1001.14
12/5/17,GOOG,2066247,1005.15,995.94,1020.61,988.28
12/4/17,GOOG,1906058,998.68,1012.66,1016.1,995.57
12/1/17,GOOG,1908962,1010.17,1015.8,1022.49,1002.02
11/30/17,GOOG,1723003,1021.41,1022.37,1028.49,1015
11/29/17,GOOG,2442974,1021.66,1042.68,1044.08,1015.65
11/28/17,GOOG,1421027,1047.41,1055.09,1062.38,1040
11/27/17,GOOG,1307471,1054.21,1040,1055.46,1038.44
11/24/17,GOOG,536996,1040.61,1035.87,1043.18,1035
11/22/17,GOOG,746351,1035.96,1035,1039.71,1031.43
11/21/17,GOOG,1096161,1034.49,1023.31,1035.11,1022.66
11/20/17,GOOG,898389,1018.38,1020.26,1022.61,1017.5
11/17/17,GOOG,1366936,1019.09,1034.01,1034.42,1017.75
11/16/17,GOOG,1129424,1032.5,1022.52,1035.92,1022.52
11/15/17,GOOG,847932,1020.91,1019.21,1024.09,1015.42
11/14/17,GOOG,958708,1026,1022.59,1026.81,1014.15
11/13/17,GOOG,885565,1025.75,1023.42,1031.58,1022.57
11/10/17,GOOG,720674,1028.07,1026.46,1030.76,1025.28
11/9/17,GOOG,1244701,1031.26,1033.99,1033.99,1019.67
11/8/17,GOOG,1088395,1039.85,1030.52,1043.52,1028.45
11/7/17,GOOG,1112123,1033.33,1027.27,1033.97,1025.13
11/6/17,GOOG,1124757,1025.9,1028.99,1034.87,1025
11/3/17,GOOG,1075134,1032.48,1022.11,1032.65,1020.31
11/2/17,GOOG,1048584,1025.58,1021.76,1028.09,1013.01
11/1/17,GOOG,1371619,1025.5,1017.21,1029.67,1016.95
10/31/17,GOOG,1331265,1016.64,1015.22,1024,1010.42
10/30/17,GOOG,2083490,1017.11,1014,1024.97,1007.5
10/27/17,GOOG,5165922,1019.27,1009.19,1048.39,1008.2
10/26/17,GOOG,2027218,972.56,980,987.6,972.2
10/25/17,GOOG,1210368,973.33,968.37,976.09,960.52
10/24/17,GOOG,1206074,970.54,970,972.23,961
10/23/17,GOOG,1471544,968.45,989.52,989.52,966.12
10/20/17,GOOG,1176177,988.2,989.44,991,984.58
10/19/17,GOOG,1312706,984.45,986,988.88,978.39
10/18/17,GOOG,1057285,992.81,991.77,996.72,986.97
10/17/17,GOOG,1290152,992.18,990.29,996.44,988.59
10/16/17,GOOG,910246,992,992.1,993.91,984
10/13/17,GOOG,1169584,989.68,992,997.21,989
10/12/17,GOOG,1278357,987.83,987.45,994.12,985
10/11/17,GOOG,1692843,989.25,973.72,990.71,972.25
10/10/17,GOOG,968113,972.6,980,981.57,966.08
10/9/17,GOOG,890620,977,980,985.43,976.11
10/6/17,GOOG,1146207,978.89,966.7,979.46,963.36
10/5/17,GOOG,1210427,969.96,955.49,970.91,955.18
10/4/17,GOOG,951766,951.68,957,960.39,950.69
10/3/17,GOOG,888303,957.79,954,958,949.14
10/2/17,GOOG,1282850,953.27,959.98,962.54,947.84
9/29/17,GOOG,1576365,959.11,952,959.79,951.51
9/28/17,GOOG,997036,949.5,941.36,950.69,940.55
9/27/17,GOOG,2237538,944.49,927.74,949.9,927.74
9/26/17,GOOG,1666749,924.86,923.72,930.82,921.14
9/25/17,GOOG,1855742,920.97,925.45,926.4,909.7
9/22/17,GOOG,1052170,928.53,927.75,934.73,926.48
9/21/17,GOOG,1227059,932.45,933,936.53,923.83
9/20/17,GOOG,1535626,931.58,922.98,933.88,922
9/19/17,GOOG,912967,921.81,917.42,922.42,912.55
9/18/17,GOOG,1300759,915,920.01,922.08,910.6
9/15/17,GOOG,2499466,920.29,924.66,926.49,916.36
9/14/17,GOOG,1395497,925.11,931.25,932.77,924
9/13/17,GOOG,1101145,935.09,930.66,937.25,929.86
9/12/17,GOOG,1133638,932.07,932.59,933.48,923.86
9/11/17,GOOG,1266020,929.08,934.25,938.38,926.92
9/8/17,GOOG,997699,926.5,936.49,936.99,924.88
9/7/17,GOOG,1211472,935.95,931.73,936.41,923.62
9/6/17,GOOG,1526209,927.81,930.15,930.92,919.27
9/5/17,GOOG,1346791,928.45,933.08,937,921.96
9/1/17,GOOG,943657,937.34,941.13,942.48,935.15
8/31/17,GOOG,1566888,939.33,931.76,941.98,931.76
8/30/17,GOOG,1300616,929.57,920.05,930.82,919.65
8/29/17,GOOG,1181391,921.29,905.1,923.33,905
8/28/17,GOOG,1085014,913.81,916,919.25,911.87
8/25/17,GOOG,1052764,915.89,923.49,925.56,915.5
8/24/17,GOOG,1266191,921.28,928.66,930.84,915.5
8/23/17,GOOG,1088575,927,921.93,929.93,919.36
8/22/17,GOOG,1166320,924.69,912.72,925.86,911.48
8/21/17,GOOG,942328,906.66,910,913,903.4
8/18/17,GOOG,1341990,910.67,910.31,915.28,907.15
8/17/17,GOOG,1241782,910.98,925.78,926.86,910.98
8/16/17,GOOG,1005261,926.96,925.29,932.7,923.45
8/15/17,GOOG,882479,922.22,924.23,926.55,919.82
8/14/17,GOOG,1063404,922.67,922.53,924.67,918.19
8/11/17,GOOG,1205652,914.39,907.97,917.78,905.58
8/10/17,GOOG,1755521,907.24,917.55,919.26,906.13
8/9/17,GOOG,1191332,922.9,920.61,925.98,917.25
8/8/17,GOOG,1057351,926.79,927.09,935.81,925.61
8/7/17,GOOG,1031710,929.36,929.06,931.7,926.5
8/4/17,GOOG,1081814,927.96,926.75,930.31,923.03
8/3/17,GOOG,1201519,923.65,930.34,932.24,922.24
8/2/17,GOOG,1822272,930.39,928.61,932.6,916.68
8/1/17,GOOG,1234612,930.83,932.38,937.45,929.26
7/31/17,GOOG,1964748,930.5,941.89,943.59,926.04
7/28/17,GOOG,1802343,941.53,929.4,943.83,927.5
7/27/17,GOOG,3128819,934.09,951.78,951.78,920
7/26/17,GOOG,2069349,947.8,954.68,955,942.28
7/25/17,GOOG,4656609,950.7,953.81,959.7,945.4
7/24/17,GOOG,3205374,980.34,972.22,986.2,970.77
7/21/17,GOOG,1697190,972.92,962.25,973.23,960.15
7/20/17,GOOG,1620636,968.15,975,975.9,961.51
7/19/17,GOOG,1221155,970.89,967.84,973.04,964.03
7/18/17,GOOG,1152741,965.4,953,968.04,950.6
7/17/17,GOOG,1164141,953.42,957,960.74,949.24
7/14/17,GOOG,1052855,955.99,952,956.91,948.01
7/13/17,GOOG,1294674,947.16,946.29,954.45,943.01
7/12/17,GOOG,1517168,943.83,938.68,946.3,934.47
7/11/17,GOOG,1112417,930.09,929.54,931.43,922
7/10/17,GOOG,1190237,928.8,921.77,930.38,919.59
7/7/17,GOOG,1590456,918.59,908.85,921.54,908.85
7/6/17,GOOG,1424290,906.69,904.12,914.94,899.7
7/5/17,GOOG,1813309,911.71,901.76,914.51,898.5
7/3/17,GOOG,1710373,898.7,912.18,913.94,894.79
6/30/17,GOOG,2086340,908.73,926.05,926.05,908.31
6/29/17,GOOG,3287991,917.79,929.92,931.26,910.62
6/28/17,GOOG,2719213,940.49,929,942.75,916
6/27/17,GOOG,2566047,927.33,942.46,948.29,926.85
6/26/17,GOOG,1596664,952.27,969.9,973.31,950.79
6/23/17,GOOG,1527513,965.59,956.83,966,954.2
6/22/17,GOOG,941639,957.09,958.7,960.72,954.55
6/21/17,GOOG,1201971,959.45,953.64,960.1,950.76
6/20/17,GOOG,1125520,950.63,957.52,961.62,950.01
6/19/17,GOOG,1520715,957.37,949.96,959.99,949.05
6/16/17,GOOG,3061794,939.78,940,942.04,931.6
6/15/17,GOOG,2065271,942.31,933.97,943.34,924.44
6/14/17,GOOG,1487378,950.76,959.92,961.15,942.25
6/13/17,GOOG,2012980,953.4,951.91,959.98,944.09
6/12/17,GOOG,3762434,942.9,939.56,949.36,915.23
6/9/17,GOOG,3305545,949.83,984.5,984.5,935.63
6/8/17,GOOG,1477151,983.41,982.35,984.57,977.2
6/7/17,GOOG,1447172,981.08,979.65,984.15,975.77
6/6/17,GOOG,1814323,976.57,983.16,988.25,975.14
6/5/17,GOOG,1251903,983.68,976.55,986.91,975.1
6/2/17,GOOG,1750723,975.6,969.46,975.88,966
6/1/17,GOOG,1408958,966.95,968.95,971.5,960.01
5/31/17,GOOG,2447176,964.86,975.02,979.27,960.18
5/30/17,GOOG,1466288,975.88,970.31,976.2,969.49
5/26/17,GOOG,1251425,971.47,969.7,974.98,965.03
5/25/17,GOOG,1659422,969.54,957.33,972.63,955.47
5/24/17,GOOG,1031408,954.96,952.98,955.09,949.5
5/23/17,GOOG,1269438,948.82,947.92,951.47,942.58
5/22/17,GOOG,1118456,941.86,935,941.88,935
5/19/17,GOOG,1389848,934.01,931.47,937.76,931
5/18/17,GOOG,1596058,930.24,921,933.17,918.75
5/17/17,GOOG,2357922,919.62,935.67,939.33,918.14
5/16/17,GOOG,968288,943,940,943.11,937.58
5/15/17,GOOG,1104595,937.08,932.95,938.25,929.34
5/12/17,GOOG,1050377,932.22,931.53,933.44,927.85
5/11/17,GOOG,834997,930.6,925.32,932.53,923.03
5/10/17,GOOG,1173887,928.78,931.98,932,925.16
5/9/17,GOOG,1581236,932.17,936.95,937.5,929.53
5/8/17,GOOG,1328885,934.3,926.12,936.93,925.26
5/5/17,GOOG,1910317,927.13,933.54,934.9,925.2
5/4/17,GOOG,1421938,931.66,926.07,935.93,924.59
5/3/17,GOOG,1497565,927.04,914.86,928.1,912.54
5/2/17,GOOG,1543696,916.44,909.62,920.77,909.45
5/1/17,GOOG,2114629,912.57,901.94,915.68,901.45
4/28/17,GOOG,3223850,905.96,910.66,916.85,905.77
4/27/17,GOOG,2009509,874.25,873.6,875.4,870.38
4/26/17,GOOG,1233724,871.73,874.23,876.05,867.75
4/25/17,GOOG,1670095,872.3,865,875,862.81
4/24/17,GOOG,1371722,862.76,851.2,863.45,849.86
4/21/17,GOOG,1323364,843.19,842.88,843.88,840.6
4/20/17,GOOG,957994,841.65,841.44,845.2,839.32
4/19/17,GOOG,954324,838.21,839.79,842.22,836.29
4/18/17,GOOG,835433,836.82,834.22,838.93,832.71
4/17/17,GOOG,894540,837.17,825.01,837.75,824.47
4/13/17,GOOG,1118221,823.56,822.14,826.38,821.44
4/12/17,GOOG,900059,824.32,821.93,826.66,821.02
4/11/17,GOOG,1078951,823.35,824.71,827.43,817.02
4/10/17,GOOG,978825,824.73,825.39,829.35,823.77
4/7/17,GOOG,1056692,824.67,827.96,828.49,820.51
4/6/17,GOOG,1254235,827.88,832.4,836.39,826.46
4/5/17,GOOG,1553163,831.41,835.51,842.45,830.72
4/4/17,GOOG,1044455,834.57,831.36,835.18,829.04
4/3/17,GOOG,1670349,838.55,829.22,840.85,829.22
3/31/17,GOOG,1401756,829.56,828.97,831.64,827.39
3/30/17,GOOG,1055263,831.5,833.5,833.68,829
3/29/17,GOOG,1785006,831.41,825,832.77,822.38
3/28/17,GOOG,1620532,820.92,820.41,825.99,814.03
3/27/17,GOOG,1894735,819.51,806.95,821.63,803.37
3/24/17,GOOG,1980415,814.43,820.08,821.93,808.89
3/23/17,GOOG,3485390,817.58,821,822.57,812.26
3/22/17,GOOG,1399409,829.59,831.91,835.55,827.18
3/21/17,GOOG,2461375,830.46,851.4,853.5,829.02
3/20/17,GOOG,1217560,848.4,850.01,850.22,845.15
3/17/17,GOOG,1712397,852.12,851.61,853.4,847.11
3/16/17,GOOG,977384,848.78,849.03,850.85,846.13
3/15/17,GOOG,1381328,847.2,847.59,848.63,840.77
3/14/17,GOOG,779920,845.62,843.64,847.24,840.8
3/13/17,GOOG,1149928,845.54,844,848.69,843.25
3/10/17,GOOG,1702731,843.25,843.28,844.91,839.5
3/9/17,GOOG,1261393,838.68,836,842,834.21
3/8/17,GOOG,988900,835.37,833.51,838.15,831.79
3/7/17,GOOG,1037573,831.91,827.4,833.41,826.52
3/6/17,GOOG,1108799,827.78,826.95,828.88,822.4
3/3/17,GOOG,890640,829.08,830.56,831.36,825.75
3/2/17,GOOG,937824,830.63,833.85,834.51,829.64
3/1/17,GOOG,1495934,835.24,828.85,836.26,827.26
2/28/17,GOOG,2258695,823.21,825.61,828.54,820.2
2/27/17,GOOG,1101120,829.28,824.55,830.5,824
2/24/17,GOOG,1392039,828.64,827.73,829,824.2
2/23/17,GOOG,1471342,831.33,830.12,832.46,822.88
2/22/17,GOOG,983058,830.76,828.66,833.25,828.64
2/21/17,GOOG,1259841,831.66,828.66,833.45,828.35
2/17/17,GOOG,1602549,828.07,823.02,828.07,821.66
2/16/17,GOOG,1285919,824.16,819.93,824.4,818.98
2/15/17,GOOG,1311316,818.98,819.36,823,818.47
2/14/17,GOOG,1054472,820.45,819,823,816
2/13/17,GOOG,1205835,819.24,816,820.96,815.49
2/10/17,GOOG,1134701,813.67,811.7,815.25,809.78
2/9/17,GOOG,990260,809.56,809.51,810.66,804.54
2/8/17,GOOG,1155892,808.38,807,811.84,803.19
2/7/17,GOOG,1240257,806.97,803.99,810.5,801.78
2/6/17,GOOG,1182882,801.34,799.7,801.67,795.25
2/3/17,GOOG,1461217,801.49,802.99,806,800.37
2/2/17,GOOG,1530827,798.53,793.8,802.7,792
2/1/17,GOOG,2027708,795.7,799.68,801.19,791.19
1/31/17,GOOG,2153957,796.79,796.86,801.25,790.52
1/30/17,GOOG,3243568,802.32,814.66,815.84,799.8
1/27/17,GOOG,2964989,823.31,834.71,841.95,820.44
1/26/17,GOOG,2944642,832.15,837.81,838,827.01
1/25/17,GOOG,1612854,835.67,829.62,835.77,825.06
1/24/17,GOOG,1472228,823.87,822.3,825.9,817.82
1/23/17,GOOG,1962506,819.31,807.25,820.87,803.74
1/20/17,GOOG,1668638,805.02,806.91,806.91,801.69
1/19/17,GOOG,917085,802.18,805.12,809.48,801.8
1/18/17,GOOG,1293893,806.07,805.81,806.21,800.99
1/17/17,GOOG,1361935,804.61,807.08,807.14,800.37
1/13/17,GOOG,1098154,807.88,807.48,811.22,806.69
1/12/17,GOOG,1352872,806.36,807.14,807.39,799.17
1/11/17,GOOG,1065360,807.91,805,808.15,801.37
1/10/17,GOOG,1176637,804.79,807.86,809.13,803.51
1/9/17,GOOG,1274318,806.65,806.4,809.97,802.83
1/6/17,GOOG,1639246,806.15,795.26,807.9,792.2
1/5/17,GOOG,1334028,794.02,786.08,794.48,785.02
1/4/17,GOOG,1071198,786.9,788.36,791.34,783.16
1/3/17,GOOG,1657291,786.14,778.81,789.63,775.8
12/30/16,GOOG,1769809,771.82,782.75,782.78,770.41
12/29/16,GOOG,743808,782.79,783.33,785.93,778.92
12/28/16,GOOG,1142148,785.05,793.7,794.23,783.2
12/27/16,GOOG,789151,791.55,790.68,797.86,787.66
12/23/16,GOOG,623682,789.91,790.9,792.74,787.28
12/22/16,GOOG,972147,791.26,792.36,793.32,788.58
12/21/16,GOOG,1208770,794.56,795.84,796.68,787.1
12/20/16,GOOG,950345,796.42,796.76,798.65,793.27
12/19/16,GOOG,1231966,794.2,790.22,797.66,786.27
12/16/16,GOOG,2435100,790.8,800.4,800.86,790.29
12/15/16,GOOG,1623709,797.85,797.34,803,792.92
12/14/16,GOOG,1700875,797.07,797.4,804,794.01
12/13/16,GOOG,2122735,796.1,793.9,804.38,793.34
12/12/16,GOOG,2102288,789.27,785.04,791.25,784.36
12/9/16,GOOG,1821146,789.29,780,789.43,779.02
12/8/16,GOOG,1487517,776.42,772.48,778.18,767.23
12/7/16,GOOG,1757710,771.19,761,771.36,755.8
12/6/16,GOOG,1690365,759.11,764.73,768.83,757.34
12/5/16,GOOG,1393566,762.52,757.71,763.9,752.9
12/2/16,GOOG,1452181,750.5,744.59,754,743.1
12/1/16,GOOG,3017001,747.92,757.44,759.85,737.02
11/30/16,GOOG,2386628,758.04,770.07,772.99,754.83
11/29/16,GOOG,1616427,770.84,771.53,778.5,768.24
11/28/16,GOOG,2177039,768.24,760,779.53,759.8
11/25/16,GOOG,587421,761.68,764.26,765,760.52
11/23/16,GOOG,1477501,760.99,767.73,768.28,755.25
11/22/16,GOOG,1592372,768.27,772.63,776.96,767
11/21/16,GOOG,1324431,769.2,762.61,769.7,760.6
11/18/16,GOOG,1528555,760.54,771.37,775,760
11/17/16,GOOG,1298484,771.23,766.92,772.7,764.23
11/16/16,GOOG,1468196,764.48,755.2,766.36,750.51
11/15/16,GOOG,2375056,758.49,746.97,764.42,746.97
11/14/16,GOOG,3644965,736.08,755.6,757.85,727.54
11/11/16,GOOG,2421889,754.02,756.54,760.78,750.38
11/10/16,GOOG,4733916,762.56,791.17,791.17,752.18
11/9/16,GOOG,2603860,785.31,779.94,791.23,771.67
11/8/16,GOOG,1361472,790.51,783.4,795.63,780.19
11/7/16,GOOG,1574426,782.52,774.5,785.19,772.55
11/4/16,GOOG,2131948,762.02,750.66,770.36,750.56
11/3/16,GOOG,1933937,762.13,767.25,769.95,759.03
11/2/16,GOOG,1905814,768.7,778.2,781.65,763.45
11/1/16,GOOG,2404898,783.61,782.89,789.49,775.54
10/31/16,GOOG,2420892,784.54,795.47,796.86,784
10/28/16,GOOG,4261912,795.37,808.35,815.49,793.59
10/27/16,GOOG,2723097,795.35,801,803.49,791.5
10/26/16,GOOG,1645403,799.07,806.34,806.98,796.32
10/25/16,GOOG,1575020,807.67,816.68,816.68,805.14
10/24/16,GOOG,1693162,813.11,804.9,815.18,804.82
10/21/16,GOOG,1262042,799.37,795,799.5,794
10/20/16,GOOG,1755546,796.97,803.3,803.97,796.03
10/19/16,GOOG,1762990,801.56,798.86,804.63,797.64
10/18/16,GOOG,2046338,795.26,787.85,801.61,785.57
10/17/16,GOOG,1091524,779.96,779.8,785.85,777.5
10/14/16,GOOG,851512,778.53,781.65,783.95,776
10/13/16,GOOG,1360619,778.19,781.22,781.22,773
10/12/16,GOOG,935138,786.14,783.76,788.13,782.06
10/11/16,GOOG,1371461,783.07,786.66,792.28,780.58
10/10/16,GOOG,1161410,785.94,777.71,789.38,775.87
10/7/16,GOOG,932444,775.08,779.66,779.66,770.75
10/6/16,GOOG,1066910,776.86,779,780.48,775.54
10/5/16,GOOG,1457661,776.47,779.31,782.07,775.65
10/4/16,GOOG,1198361,776.43,776.03,778.71,772.89
10/3/16,GOOG,1276614,772.56,774.25,776.07,769.5
9/30/16,GOOG,1583293,777.29,776.33,780.94,774.09
9/29/16,GOOG,1310252,775.01,781.44,785.8,774.23
9/28/16,GOOG,1108249,781.56,777.85,781.81,774.97
9/27/16,GOOG,1152760,783.01,775.5,785.99,774.31
9/26/16,GOOG,1531788,774.21,782.74,782.74,773.07
9/23/16,GOOG,1411439,786.9,786.59,788.93,784.15
9/22/16,GOOG,1483899,787.21,780,789.85,778.44
9/21/16,GOOG,1166290,776.22,772.66,777.16,768.3
9/20/16,GOOG,975434,771.41,769,773.33,768.53
9/19/16,GOOG,1171969,765.7,772.42,774,764.44
9/16/16,GOOG,2047036,768.88,769.75,769.75,764.66
9/15/16,GOOG,1344945,771.76,762.89,773.8,759.96
9/14/16,GOOG,1093723,762.49,759.61,767.68,759.11
9/13/16,GOOG,1394158,759.69,764.48,766.22,755.8
9/12/16,GOOG,1310493,769.02,755.13,770.29,754
9/9/16,GOOG,1879903,759.66,770.1,773.25,759.66
9/8/16,GOOG,1268663,775.32,778.59,780.35,773.58
9/7/16,GOOG,893874,780.35,780,782.73,776.2
9/6/16,GOOG,1441864,780.08,773.45,782,771
9/2/16,GOOG,1070725,771.46,773.01,773.92,768.41
9/1/16,GOOG,925019,768.78,769.25,771.02,764.3
8/31/16,GOOG,1247937,767.05,767.01,769.09,765.38
8/30/16,GOOG,1129932,769.09,769.33,774.47,766.84
8/29/16,GOOG,847537,772.15,768.74,774.99,766.62
8/26/16,GOOG,1164713,769.54,769,776.08,765.85
8/25/16,GOOG,926856,769.41,767,771.89,763.18
8/24/16,GOOG,1071569,769.64,770.58,774.5,767.07
8/23/16,GOOG,925356,772.08,775.48,776.44,771.79
8/22/16,GOOG,950417,772.15,773.27,774.54,770.05
8/19/16,GOOG,860899,775.42,775,777.1,773.13
8/18/16,GOOG,718882,777.5,780.01,782.86,777
8/17/16,GOOG,921666,779.91,777.32,780.81,773.53
8/16/16,GOOG,1027836,777.14,780.3,780.98,773.44
8/15/16,GOOG,938183,782.44,783.75,787.49,780.11
8/12/16,GOOG,739761,783.22,781.5,783.4,780.4
8/11/16,GOOG,971742,784.85,785,789.75,782.97
8/10/16,GOOG,784559,784.68,783.75,786.81,782.78
8/9/16,GOOG,1318457,784.26,781.1,788.94,780.57
8/8/16,GOOG,1106693,781.76,782,782.63,778.09
8/5/16,GOOG,1799478,782.22,773.78,783.04,772.34
8/4/16,GOOG,1139972,771.61,772.22,774.07,768.8
8/3/16,GOOG,1283186,773.18,767.18,773.21,766.82
8/2/16,GOOG,1782822,771.07,768.69,775.84,767.85
8/1/16,GOOG,2697699,772.88,761.09,780.43,761.09
7/29/16,GOOG,3830103,768.79,772.71,778.55,766.77
7/28/16,GOOG,3473040,745.91,747.04,748.65,739.3
7/27/16,GOOG,1509133,741.77,738.28,744.46,737
7/26/16,GOOG,1182993,738.42,739.04,741.69,734.27
7/25/16,GOOG,1031643,739.77,740.67,742.61,737.5
7/22/16,GOOG,1256741,742.74,741.86,743.24,736.56
7/21/16,GOOG,1022229,738.63,740.36,741.69,735.83
7/20/16,GOOG,1283931,741.19,737.33,742.13,737.1
7/19/16,GOOG,1225467,736.96,729.89,736.99,729
7/18/16,GOOG,1284740,733.78,722.71,736.13,721.19
7/15/16,GOOG,1277514,719.85,725.73,725.74,719.06
7/14/16,GOOG,949456,720.95,721.58,722.21,718.03
7/13/16,GOOG,933352,716.98,723.62,724,716.85
7/12/16,GOOG,1336112,720.64,719.12,722.94,715.91
7/11/16,GOOG,1107039,715.09,708.05,716.51,707.24
7/8/16,GOOG,1573909,705.63,699.5,705.71,696.44
7/7/16,GOOG,1303661,695.36,698.08,698.2,688.22
7/6/16,GOOG,1411080,697.77,689.98,701.68,689.09
7/5/16,GOOG,1462879,694.49,696.06,696.94,688.88
7/1/16,GOOG,1344387,699.21,692.2,700.65,692.13
6/30/16,GOOG,1597298,692.1,685.47,692.32,683.65
6/29/16,GOOG,1931436,684.11,683,687.43,681.41
6/28/16,GOOG,2169704,680.04,678.97,680.33,673
6/27/16,GOOG,2632011,668.26,671,672.3,663.28
6/24/16,GOOG,4442943,675.22,675.17,689.4,673.45
6/23/16,GOOG,2166183,701.87,697.45,701.95,687
6/22/16,GOOG,1182161,697.46,699.06,700.86,693.08
6/21/16,GOOG,1464836,695.94,698.4,702.77,692.01
6/20/16,GOOG,2080645,693.71,698.77,702.48,693.41
6/17/16,GOOG,3397720,691.72,708.65,708.82,688.45
6/16/16,GOOG,1981657,710.36,714.91,716.65,703.26
6/15/16,GOOG,1213386,718.92,719,722.98,717.31
6/14/16,GOOG,1303808,718.27,716.48,722.47,713.12
6/13/16,GOOG,1255199,718.36,716.51,725.44,716.51
6/10/16,GOOG,1213989,719.41,719.47,725.89,716.43
6/9/16,GOOG,987635,728.58,722.87,729.54,722.34
6/8/16,GOOG,1583325,728.28,723.96,728.57,720.58
6/7/16,GOOG,1336348,716.65,719.84,721.98,716.55
6/6/16,GOOG,1565955,716.55,724.91,724.91,714.61
6/3/16,GOOG,1225924,722.34,729.27,729.49,720.56
6/2/16,GOOG,1340664,730.4,732.5,733.02,724.17
6/1/16,GOOG,1251468,734.15,734.53,737.21,730.66
5/31/16,GOOG,2128358,735.72,731.74,739.73,731.26
5/27/16,GOOG,1974425,732.66,724.01,733.94,724
5/26/16,GOOG,1573635,724.12,722.87,728.33,720.28
5/25/16,GOOG,1629790,725.27,720.76,727.51,719.7
5/24/16,GOOG,1926828,720.09,706.86,720.97,706.86
5/23/16,GOOG,1326386,704.24,706.53,711.48,704.18
5/20/16,GOOG,1825830,709.74,701.62,714.58,700.52
5/19/16,GOOG,1668887,700.32,702.36,706,696.8
5/18/16,GOOG,1765632,706.63,703.67,711.6,700.63
5/17/16,GOOG,1999883,706.23,715.99,721.52,704.11
5/16/16,GOOG,1316719,716.49,709.13,718.48,705.65
5/13/16,GOOG,1307559,710.83,711.93,716.66,709.26
5/12/16,GOOG,1361170,713.31,717.06,719.25,709
5/11/16,GOOG,1690862,715.29,723.41,724.48,712.8
5/10/16,GOOG,1568621,723.18,716.75,723.5,715.72
5/9/16,GOOG,1509892,712.9,712,718.71,710
5/6/16,GOOG,1828508,711.12,698.38,711.86,698.11
5/5/16,GOOG,1680220,701.43,697.7,702.32,695.72
5/4/16,GOOG,1692757,695.7,690.49,699.75,689.01
5/3/16,GOOG,1541297,692.36,696.87,697.84,692
5/2/16,GOOG,1645013,698.21,697.63,700.64,691
4/29/16,GOOG,2486584,693.01,690.7,697.62,689
4/28/16,GOOG,2859790,691.02,708.26,714.17,689.55
4/27/16,GOOG,3094905,705.84,707.29,708.98,692.37
4/26/16,GOOG,2739133,708.14,725.42,725.77,703.03
4/25/16,GOOG,1956956,723.15,716.1,723.93,715.59
4/22/16,GOOG,5949699,718.77,726.3,736.12,713.61
4/21/16,GOOG,2995094,759.14,755.38,760.45,749.55
4/20/16,GOOG,1526776,752.67,758,758.13,750.01
4/19/16,GOOG,2027962,753.93,769.51,769.9,749.33
4/18/16,GOOG,1557199,766.61,760.46,768.05,757.3
4/15/16,GOOG,1807062,759,753.98,761,752.69
4/14/16,GOOG,1134056,753.2,754.01,757.31,752.71
4/13/16,GOOG,1707397,751.72,749.16,754.38,744.26
4/12/16,GOOG,1349780,743.09,738,743.83,731.01
4/11/16,GOOG,1218789,736.1,743.02,745,736.05
4/8/16,GOOG,1289869,739.15,743.97,745.45,735.55
4/7/16,GOOG,1452369,740.28,745.37,747,736.28
4/6/16,GOOG,1052171,745.69,735.77,746.24,735.56
4/5/16,GOOG,1130817,737.8,738,742.8,735.37
4/4/16,GOOG,1134214,745.29,750.06,752.8,742.43
4/1/16,GOOG,1576240,749.91,738.6,750.34,737
3/31/16,GOOG,1718638,744.95,749.25,750.85,740.94
3/30/16,GOOG,1782278,750.53,750.1,757.88,748.74
3/29/16,GOOG,1902254,744.77,734.59,747.25,728.76
3/28/16,GOOG,1300817,733.53,736.79,738.99,732.5
3/24/16,GOOG,1570474,735.3,732.01,737.75,731
3/23/16,GOOG,1431130,738.06,742.36,745.72,736.15
3/22/16,GOOG,1269263,740.75,737.46,745,737.46
3/21/16,GOOG,1835963,742.09,736.5,742.5,733.52
3/18/16,GOOG,2982194,737.6,741.86,742,731.83
3/17/16,GOOG,1859562,737.78,736.45,743.07,736
3/16/16,GOOG,1621412,736.09,726.37,737.47,724.51
3/15/16,GOOG,1720790,728.33,726.92,732.29,724.77
3/14/16,GOOG,1717002,730.49,726.81,735.5,725.15
3/11/16,GOOG,1968164,726.82,720,726.92,717.13
3/10/16,GOOG,2830630,712.82,708.12,716.44,703.36
3/9/16,GOOG,1419661,705.24,698.47,705.68,694
3/8/16,GOOG,2075305,693.97,688.59,703.79,685.34
3/7/16,GOOG,2986064,695.16,706.9,708.09,686.9
3/4/16,GOOG,1971379,710.89,714.99,716.49,706.02
3/3/16,GOOG,1956958,712.42,718.68,719.45,706.02
3/2/16,GOOG,1629501,718.85,719,720,712
3/1/16,GOOG,2148608,718.81,703.62,718.81,699.77
2/29/16,GOOG,2478214,697.77,700.32,710.89,697.68
2/26/16,GOOG,2241785,705.07,708.58,713.43,700.86
2/25/16,GOOG,1640430,705.75,700.01,705.98,690.59
2/24/16,GOOG,1961258,699.56,688.92,700,680.78
2/23/16,GOOG,2006572,695.85,701.45,708.4,693.58
2/22/16,GOOG,1949046,706.46,707.45,713.24,702.51
2/19/16,GOOG,1585152,700.91,695.03,703.08,694.05
2/18/16,GOOG,1880306,697.35,710,712.35,696.03
2/17/16,GOOG,2490021,708.4,699,709.75,691.38
2/16/16,GOOG,2517324,691,692.98,698,685.05
2/12/16,GOOG,2138937,682.4,690.26,693.75,678.6
2/11/16,GOOG,3021587,683.11,675,689.35,668.87
2/10/16,GOOG,2629130,684.12,686.86,701.31,682.13
2/9/16,GOOG,3605792,678.11,672.32,699.9,668.77
2/8/16,GOOG,4241416,682.74,667.85,684.03,663.06
2/5/16,GOOG,5098357,683.57,703.87,703.99,680.15
2/4/16,GOOG,5157988,708.01,722.81,727,701.86
2/3/16,GOOG,6166731,726.95,770.22,774.5,720.5
2/2/16,GOOG,6340548,764.65,784.5,789.87,764.65
2/1/16,GOOG,5065235,752,750.46,757.86,743.27
1/29/16,GOOG,3464432,742.95,731.53,744.99,726.8
1/28/16,GOOG,2664956,730.96,722.22,733.69,712.35
1/27/16,GOOG,2175913,699.99,713.67,718.24,694.39
1/26/16,GOOG,1329141,713.04,713.85,718.28,706.48
1/25/16,GOOG,1709777,711.67,723.58,729.68,710.01
1/22/16,GOOG,2009951,725.25,723.6,728.13,720.12
1/21/16,GOOG,2411079,706.59,702.18,719.19,694.46
1/20/16,GOOG,3441642,698.45,688.61,706.85,673.26
1/19/16,GOOG,2264747,701.79,703.3,709.98,693.41
1/15/16,GOOG,3604137,694.45,692.29,706.74,685.37
1/14/16,GOOG,2225495,714.72,705.38,721.93,689.1
1/13/16,GOOG,2497086,700.56,730.85,734.74,698.61
1/12/16,GOOG,2010026,726.07,721.68,728.75,717.32
1/11/16,GOOG,2089495,716.03,716.61,718.86,703.54
1/8/16,GOOG,2449420,714.47,731.45,733.23,713
1/7/16,GOOG,2960578,726.39,730.31,738.5,719.06
1/6/16,GOOG,1943685,743.62,730,747.18,728.92
1/5/16,GOOG,1949386,742.58,746.45,752,738.64
1/4/16,GOOG,3271348,741.84,743,744.06,731.26
12/31/15,GOOG,1500129,758.88,769.5,769.5,758.34
12/30/15,GOOG,1293514,771,776.6,777.6,766.9
12/29/15,GOOG,1764044,776.6,766.69,779.98,766.43
12/28/15,GOOG,1515574,762.51,752.92,762.99,749.52
12/24/15,GOOG,527223,748.4,749.55,751.35,746.62
12/23/15,GOOG,1566723,750.31,753.47,754.21,744
12/22/15,GOOG,1365420,750,751.65,754.85,745.53
12/21/15,GOOG,1524535,747.77,746.13,750,740
12/18/15,GOOG,3140906,739.31,746.51,754.13,738.15
12/17/15,GOOG,1551087,749.43,762.42,762.68,749
12/16/15,GOOG,1986319,758.09,750,760.59,739.44
12/15/15,GOOG,2661199,743.4,753,758.08,743.01
12/14/15,GOOG,2417778,747.77,741.79,748.73,724.17
12/11/15,GOOG,2223284,738.87,741.16,745.71,736.75
12/10/15,GOOG,1988035,749.46,752.85,755.85,743.83
12/9/15,GOOG,2697978,751.61,759.17,764.23,737
12/8/15,GOOG,1829004,762.37,757.89,764.8,754.2
12/7/15,GOOG,1811336,763.25,767.77,768.73,755.09
12/4/15,GOOG,2756194,766.81,753.1,768.49,750
12/3/15,GOOG,2589641,752.54,766.01,769,745.63
12/2/15,GOOG,2196721,762.38,768.9,775.96,758.96
12/1/15,GOOG,2131827,767.04,747.11,768.95,746.7
11/30/15,GOOG,2045584,742.6,748.81,754.93,741.27
11/27/15,GOOG,838528,750.26,748.46,753.41,747.49
11/25/15,GOOG,1122224,748.15,748.14,752,746.06
11/24/15,GOOG,2333700,748.28,752,755.28,737.63
11/23/15,GOOG,1414640,755.98,757.45,762.71,751.82
11/20/15,GOOG,2212934,756.6,746.53,757.92,743
11/19/15,GOOG,1327265,738.41,738.74,742,737.43
11/18/15,GOOG,1683978,740,727.58,741.41,727
11/17/15,GOOG,1507449,725.3,729.29,731.85,723.03
11/16/15,GOOG,1904395,728.96,715.6,729.49,711.33
11/13/15,GOOG,2072392,717,729.17,731.15,716.73
11/12/15,GOOG,1836567,731.23,731,737.8,728.65
11/11/15,GOOG,1366611,735.4,732.46,741,730.23
11/10/15,GOOG,1606499,728.32,724.4,730.59,718.5
11/9/15,GOOG,2068920,724.89,730.2,734.71,719.43
11/6/15,GOOG,1510586,733.76,731.5,735.41,727.01
11/5/15,GOOG,1861100,731.25,729.47,739.48,729.47
11/4/15,GOOG,1705745,728.11,722,733.1,721.9
11/3/15,GOOG,1565355,722.16,718.86,724.65,714.72
11/2/15,GOOG,1885155,721.11,711.06,721.62,705.85
10/30/15,GOOG,1907732,710.81,715.73,718,710.05
10/29/15,GOOG,1455508,716.92,710.5,718.26,710.01
10/28/15,GOOG,2178841,712.95,707.33,712.98,703.08
10/27/15,GOOG,2232183,708.49,707.38,713.62,704.55
10/26/15,GOOG,2709292,712.78,701.55,719.15,701.26
10/23/15,GOOG,6651909,702,727.5,730,701.5
10/22/15,GOOG,3994360,651.79,646.7,657.8,644.01
10/21/15,GOOG,1792869,642.61,654.15,655.87,641.73
10/20/15,GOOG,2498077,650.28,664.04,664.72,644.2
10/19/15,GOOG,1465691,666.1,661.18,666.82,659.58
10/16/15,GOOG,1610712,662.2,664.11,664.97,657.2
10/15/15,GOOG,1832832,661.74,654.66,663.13,654.46
10/14/15,GOOG,1413798,651.16,653.21,659.39,648.85
10/13/15,GOOG,1806003,652.3,643.15,657.81,643.15
10/12/15,GOOG,1275565,646.67,642.09,648.5,639.01
10/9/15,GOOG,1648656,643.61,640,645.99,635.32
10/8/15,GOOG,2181990,639.16,641.36,644.45,625.56
10/7/15,GOOG,2092536,642.36,649.24,650.61,632.15
10/6/15,GOOG,2235078,645.44,638.84,649.25,636.53
10/5/15,GOOG,1802263,641.47,632,643.01,627
10/2/15,GOOG,2681241,626.91,607.2,627.34,603.13
10/1/15,GOOG,1866223,611.29,608.37,612.09,599.85
9/30/15,GOOG,2412754,608.42,603.28,608.76,600.73
9/29/15,GOOG,2310065,594.97,597.28,605,590.22
9/28/15,GOOG,3118693,594.89,610.34,614.61,589.38
9/25/15,GOOG,2173134,611.97,629.77,629.77,611
9/24/15,GOOG,2238097,625.8,616.64,627.32,612.4
9/23/15,GOOG,1470633,622.36,622.05,628.93,620
9/22/15,GOOG,2561551,622.69,627,627.55,615.43
9/21/15,GOOG,1786543,635.44,634.4,636.49,625.94
9/18/15,GOOG,5123314,629.25,636.79,640,627.02
9/17/15,GOOG,2259404,642.9,637.79,650.9,635.02
9/16/15,GOOG,1276250,635.98,635.47,637.95,632.32
9/15/15,GOOG,2082426,635.14,626.7,638.7,623.78
9/14/15,GOOG,1701618,623.24,625.7,625.86,619.43
9/11/15,GOOG,1372803,625.77,619.75,625.78,617.42
9/10/15,GOOG,1903334,621.35,613.1,624.16,611.43
9/9/15,GOOG,1699686,612.72,621.22,626.52,609.6
9/8/15,GOOG,2277487,614.66,612.49,616.31,604.12
9/4/15,GOOG,2087028,600.7,600,603.47,595.25
9/3/15,GOOG,1757851,606.25,617,619.71,602.82
9/2/15,GOOG,2573982,614.34,605.59,614.34,599.71
9/1/15,GOOG,3699844,597.79,602.36,612.86,594.1
8/31/15,GOOG,2172168,618.25,627.54,635.8,617.68
8/28/15,GOOG,1975818,630.38,632.82,636.88,624.56
8/27/15,GOOG,3485906,637.61,639.4,643.59,622
8/26/15,GOOG,4187276,628.62,610.35,631.71,599.05
8/25/15,GOOG,3521916,582.06,614.91,617.45,581.11
8/24/15,GOOG,5727282,589.61,573,614,565.05
8/21/15,GOOG,4261666,612.48,639.78,640.05,612.33
8/20/15,GOOG,2854028,646.83,655.46,662.99,642.9
8/19/15,GOOG,2132265,660.9,656.6,667,654.19
8/18/15,GOOG,1455664,656.13,661.9,664,653.46
8/17/15,GOOG,1050553,660.87,656.8,661.38,651.24
8/14/15,GOOG,1071333,657.12,655.01,659.86,652.66
8/13/15,GOOG,1807182,656.45,659.32,664.5,651.66
8/12/15,GOOG,2938651,659.56,663.08,665,652.29
8/11/15,GOOG,5016425,660.78,669.2,674.9,654.27
8/10/15,GOOG,1653836,633.73,639.48,643.44,631.25
8/7/15,GOOG,1403441,635.3,640.23,642.68,629.71
8/6/15,GOOG,1572150,642.68,645,645.38,632.25
8/5/15,GOOG,2331720,643.78,634.33,647.86,633.16
8/4/15,GOOG,1486858,629.25,628.42,634.81,627.16
8/3/15,GOOG,1301439,631.21,625.34,633.06,625.34
7/31/15,GOOG,1705286,625.61,631.38,632.91,625.5
7/30/15,GOOG,1472286,632.59,630,635.22,622.05
7/29/15,GOOG,1573146,631.93,628.8,633.36,622.65
7/28/15,GOOG,1713684,628,632.83,632.83,623.31
7/27/15,GOOG,2673801,627.26,621,634.3,620.5
7/24/15,GOOG,3622089,623.56,647,648.17,622.52
7/23/15,GOOG,3014035,644.28,661.27,663.63,641
7/22/15,GOOG,3707818,662.1,660.89,678.64,659
7/21/15,GOOG,3363342,662.3,655.21,673,654.3
7/20/15,GOOG,5857092,663.02,659.24,668.88,653.01
7/17/15,GOOG,11153500,672.93,649,674.47,645
7/16/15,GOOG,4559712,579.85,565.12,580.68,565
7/15/15,GOOG,1782264,560.22,560.13,566.5,556.79
7/14/15,GOOG,3231284,561.1,546.76,565.85,546.71
7/13/15,GOOG,2204610,546.55,532.88,547.11,532.4
7/10/15,GOOG,1954951,530.13,526.29,532.56,525.55
7/9/15,GOOG,1840155,520.68,523.12,523.77,520.35
7/8/15,GOOG,1293372,516.83,521.05,522.73,516.11
7/7/15,GOOG,1595672,525.02,523.13,526.18,515.18
7/6/15,GOOG,1278587,522.86,519.5,525.25,519
7/2/15,GOOG,1235773,523.4,521.08,524.65,521.08
7/1/15,GOOG,1961197,521.84,524.73,525.69,518.23
6/30/15,GOOG,2234284,520.51,526.02,526.25,520.5
6/29/15,GOOG,1935361,521.52,525.01,528.61,520.54
6/26/15,GOOG,2108629,531.69,537.26,537.76,531.35
6/25/15,GOOG,1332412,535.23,538.87,540.9,535.23
6/24/15,GOOG,1286576,537.84,540,540,535.66
6/23/15,GOOG,1196115,540.48,539.64,541.5,535.25
6/22/15,GOOG,1243535,538.19,539.59,543.74,537.53
6/19/15,GOOG,1890916,536.69,537.21,538.25,533.01
6/18/15,GOOG,1832450,536.73,531,538.15,530.79
6/17/15,GOOG,1269113,529.26,529.37,530.98,525.1
6/16/15,GOOG,1071728,528.15,528.4,529.64,525.56
6/15/15,GOOG,1632675,527.2,528,528.3,524
6/12/15,GOOG,955489,532.33,531.6,533.12,530.16
6/11/15,GOOG,1208632,534.61,538.43,538.98,533.02
6/10/15,GOOG,1813775,536.69,529.36,538.36,529.35
6/9/15,GOOG,1454172,526.69,527.56,529.2,523.01
6/8/15,GOOG,1523960,526.83,533.31,534.12,526.24
6/5/15,GOOG,1375008,533.33,536.35,537.2,532.52
6/4/15,GOOG,1346044,536.7,537.76,540.59,534.32
6/3/15,GOOG,1716836,540.31,539.91,543.5,537.11
6/2/15,GOOG,1936721,539.18,532.93,543,531.33
6/1/15,GOOG,1900257,533.99,536.79,536.79,529.76
5/29/15,GOOG,2590445,532.11,537.37,538.63,531.45
5/28/15,GOOG,1029764,539.78,538.01,540.61,536.25
5/27/15,GOOG,1524783,539.79,532.8,540.55,531.71
5/26/15,GOOG,2404462,532.32,538.12,539,529.88
5/22/15,GOOG,1175065,540.11,540.15,544.19,539.51
5/21/15,GOOG,1461431,542.51,537.95,543.84,535.98
5/20/15,GOOG,1430565,539.27,538.49,542.92,532.97
5/19/15,GOOG,1964037,537.36,533.98,540.66,533.04
5/18/15,GOOG,2001117,532.3,532.01,534.82,528.85
5/15/15,GOOG,1965088,533.85,539.18,539.27,530.38
5/14/15,GOOG,1401005,538.4,533.77,539,532.41
5/13/15,GOOG,1253005,529.62,530.56,534.32,528.66
5/12/15,GOOG,1633180,529.04,531.6,533.21,525.26
5/11/15,GOOG,904465,535.7,538.37,541.98,535.4
5/8/15,GOOG,1527181,538.22,536.65,541.15,536
5/7/15,GOOG,1543986,530.7,523.99,533.46,521.75
5/6/15,GOOG,1566865,524.22,531.24,532.38,521.09
5/5/15,GOOG,1380519,530.8,538.21,539.74,530.39
5/4/15,GOOG,1303830,540.78,538.53,544.07,535.06
5/1/15,GOOG,1758085,537.9,538.43,539.54,532.1
4/30/15,GOOG,2080834,537.34,547.87,548.59,535.05
4/29/15,GOOG,1696886,549.08,550.47,553.68,546.91
4/28/15,GOOG,1490735,553.68,554.64,556.02,550.37
4/27/15,GOOG,2390696,555.37,563.39,565.95,553.2
4/24/15,GOOG,4916008,565.06,566.1,571.14,557.25
4/23/15,GOOG,4129218,547,541,550.96,540.23
4/22/15,GOOG,1582956,539.37,534.4,541.08,531.75
4/21/15,GOOG,1838719,533.97,537.51,539.39,533.68
4/20/15,GOOG,1674958,535.38,525.6,536.09,524.5
4/17/15,GOOG,2143872,524.05,528.66,529.84,521.01
4/16/15,GOOG,1293690,533.8,529.9,535.59,529.61
4/15/15,GOOG,2305585,532.53,528.7,534.73,523.22
4/14/15,GOOG,2590747,530.39,536.25,537.57,528.09
4/13/15,GOOG,1640741,539.17,538.41,544.06,537.31
4/10/15,GOOG,1405136,540.01,542.29,542.29,537.31
4/9/15,GOOG,1551831,540.78,541.03,541.95,535.49
4/8/15,GOOG,1171860,541.61,538.38,543.85,538.38
4/7/15,GOOG,1299253,537.02,538.08,542.69,536
4/6/15,GOOG,1317628,536.77,532.22,538.41,529.57
4/2/15,GOOG,1709833,535.53,540.85,540.85,533.85
4/1/15,GOOG,1951319,542.56,548.6,551.14,539.5
3/31/15,GOOG,1583330,548,550,554.71,546.72
3/30/15,GOOG,1283210,552.03,551.62,553.47,548.17
3/27/15,GOOG,1890816,548.34,553,555.28,548.13
3/26/15,GOOG,1565551,555.17,557.59,558.9,550.65
3/25/15,GOOG,2144268,558.79,570.5,572.26,558.74
3/24/15,GOOG,2573339,570.19,562.56,574.59,561.21
3/23/15,GOOG,1639186,558.81,560.43,562.36,555.83
3/20/15,GOOG,2607253,560.36,561.65,561.72,559.05
3/19/15,GOOG,1192429,557.99,559.39,560.8,556.15
3/18/15,GOOG,2125596,559.5,552.5,559.78,547
3/17/15,GOOG,1800550,550.84,551.71,553.8,548
3/16/15,GOOG,1636083,554.51,550.95,556.85,546
3/13/15,GOOG,1697602,547.32,553.5,558.4,544.22
3/12/15,GOOG,1385657,555.51,553.51,556.37,550.46
3/11/15,GOOG,1815503,551.18,555.14,558.14,550.68
3/10/15,GOOG,1785438,555.01,564.25,564.85,554.73
3/9/15,GOOG,1059336,568.85,566.86,570.27,563.54
3/6/15,GOOG,1647702,567.69,574.88,576.68,566.76
3/5/15,GOOG,1385303,575.33,575.02,577.91,573.41
3/4/15,GOOG,1869830,573.37,571.87,577.11,568.01
3/3/15,GOOG,1696631,573.64,570.45,575.39,566.52
3/2/15,GOOG,2121542,571.34,560.53,572.15,558.75
2/27/15,GOOG,2402191,558.4,554.24,564.71,552.9
2/26/15,GOOG,2303785,555.48,543.21,556.14,541.5
2/25/15,GOOG,1820199,543.87,535.9,546.22,535.45
2/24/15,GOOG,1002313,536.09,530,536.79,528.25
2/23/15,GOOG,1453049,531.91,536.05,536.44,529.41
2/20/15,GOOG,1441147,538.95,543.13,543.75,535.8
2/19/15,GOOG,986623,542.87,538.04,543.11,538.01
2/18/15,GOOG,1448453,539.7,541.4,545.49,537.51
2/17/15,GOOG,1609871,542.84,546.83,550,541.09
2/13/15,GOOG,1876720,549.01,543.35,549.91,543.13
2/12/15,GOOG,1612310,542.93,537.25,544.82,534.67
2/11/15,GOOG,1372342,535.97,535.3,538.45,533.38
2/10/15,GOOG,1744529,536.94,529.3,537.7,526.92
2/9/15,GOOG,1263243,527.83,528,532,526.02
2/6/15,GOOG,1758422,531,527.64,537.2,526.41
2/5/15,GOOG,1843714,527.58,523.79,528.5,522.09
2/4/15,GOOG,1657900,522.76,529.24,532.67,521.27
2/3/15,GOOG,2032952,529.24,528,533.4,523.26
2/2/15,GOOG,2836638,528.48,531.73,533,518.55
1/30/15,GOOG,5588904,534.52,515.86,539.87,515.52
1/29/15,GOOG,4105168,510.66,511,511.09,501.2
1/28/15,GOOG,1677083,510,522.78,522.99,510
1/27/15,GOOG,1897347,518.63,529.97,530.7,518.19
1/26/15,GOOG,1538786,535.21,538.53,539,529.67
1/23/15,GOOG,2272098,539.95,535.59,542.17,533
1/22/15,GOOG,2662154,534.39,521.48,536.33,519.7
1/21/15,GOOG,2259477,518.04,507.25,519.28,506.2
1/20/15,GOOG,2222805,506.9,511,512.5,506.02
1/16/15,GOOG,2291530,508.08,500.01,508.19,500
1/15/15,GOOG,2710022,501.79,505.57,505.68,497.76
1/14/15,GOOG,2210623,500.87,494.65,503.23,493
1/13/15,GOOG,2365612,496.18,498.84,502.98,492.39
1/12/15,GOOG,2317278,492.55,494.94,495.98,487.56
1/9/15,GOOG,2063743,496.17,504.76,504.92,494.79
1/8/15,GOOG,3341935,502.68,497.99,503.48,491
1/7/15,GOOG,2053750,501.1,507,507.24,499.65
1/6/15,GOOG,2884479,501.96,515,516.18,501.05
1/5/15,GOOG,2049303,513.87,523.26,524.33,513.06
1/2/15,GOOG,1444809,524.81,529.01,531.27,524.1
12/31/14,GOOG,1367110,526.4,531.25,532.6,525.8
12/30/14,GOOG,873644,530.42,528.09,531.15,527.13
12/29/14,GOOG,2275392,530.33,532.19,535.48,530.01
12/26/14,GOOG,1037486,534.03,528.77,534.25,527.31
12/24/14,GOOG,704035,528.77,530.51,531.76,527.02
12/23/14,GOOG,2190993,530.59,527,534.56,526.29
12/22/14,GOOG,2722210,524.87,516.08,526.46,516.08
12/19/14,GOOG,3611980,516.35,511.51,517.72,506.91
12/18/14,GOOG,2910920,511.1,512.95,513.87,504.7
12/17/14,GOOG,2873600,504.89,497,507,496.81
12/16/14,GOOG,3946450,495.39,511.56,513.05,489
12/15/14,GOOG,2806300,513.8,522.74,523.1,513.27
12/12/14,GOOG,1982666,518.66,523.51,528.5,518.66
12/11/14,GOOG,1606381,528.34,527.8,533.92,527.1
12/10/14,GOOG,1716284,526.06,533.08,536.33,525.56
12/9/14,GOOG,1866851,533.37,522.14,534.19,520.5
12/8/14,GOOG,2324883,526.98,527.13,531,523.79
12/5/14,GOOG,2555642,525.26,531,532.89,524.28
12/4/14,GOOG,1389395,537.31,531.16,537.34,528.59
12/3/14,GOOG,1278091,531.32,531.44,536,529.26
12/2/14,GOOG,1521775,533.75,533.51,535.5,529.8
12/1/14,GOOG,2106865,533.8,538.9,541.41,531.86
11/28/14,GOOG,1145231,541.83,540.62,542,536.6
11/26/14,GOOG,1518835,540.37,540.88,541.55,537.04
11/25/14,GOOG,1782596,541.08,539,543.98,538.6
11/24/14,GOOG,1699629,539.27,537.65,542.7,535.62
11/21/14,GOOG,2217252,537.5,541.61,542.14,536.56
11/20/14,GOOG,1557095,534.83,531.25,535.11,531.08
11/19/14,GOOG,1382955,536.99,535,538.24,530.08
11/18/14,GOOG,1954931,535.03,537.5,541.94,534.17
11/17/14,GOOG,1720123,536.51,543.58,543.79,534.06
11/14/14,GOOG,1284981,544.4,546.68,546.68,542.15
11/13/14,GOOG,1334367,545.38,549.8,549.8,543.48
11/12/14,GOOG,1124171,547.31,550.39,550.46,545.17
11/11/14,GOOG,961011,550.29,548.49,551.94,546.3
11/10/14,GOOG,1129377,547.49,541.46,549.59,541.02
11/7/14,GOOG,1627870,541.01,546.21,546.21,538.67
11/6/14,GOOG,1327323,542.04,545.5,546.89,540.97
11/5/14,GOOG,2022352,545.92,556.8,556.8,544.05
11/4/14,GOOG,1236913,554.11,553,555.5,549.3
11/3/14,GOOG,1377090,555.22,555.5,557.9,553.23
10/31/14,GOOG,2029446,559.08,559.35,559.57,554.75
10/30/14,GOOG,1451532,550.31,548.95,552.8,543.51
10/29/14,GOOG,1762805,549.33,550,554.19,546.98
10/28/14,GOOG,1246198,548.9,543,548.98,541.62
10/27/14,GOOG,1182069,540.77,537.03,544.41,537.03
10/24/14,GOOG,1966151,539.78,544.36,544.88,535.79
10/23/14,GOOG,2341998,543.98,539.32,547.22,535.85
10/22/14,GOOG,2911235,532.71,529.89,539.8,528.8
10/21/14,GOOG,2329510,526.54,525.19,526.79,519.11
10/20/14,GOOG,2598754,520.84,509.45,521.76,508.1
10/17/14,GOOG,5522919,511.17,527.25,530.98,508.53
10/16/14,GOOG,3665434,524.51,519,529.43,515
10/15/14,GOOG,3705634,530.03,531.01,532.8,518.3
10/14/14,GOOG,2215425,537.94,538.9,547.19,533.17
10/13/14,GOOG,2565034,533.21,544.99,549.5,533.1
10/10/14,GOOG,3073334,544.49,557.72,565.13,544.05
10/9/14,GOOG,2517847,560.88,571.18,571.49,559.06
10/8/14,GOOG,1984777,572.5,565.57,573.88,557.49
10/7/14,GOOG,1902424,563.74,574.4,575.27,563.74
10/6/14,GOOG,1211113,577.35,578.8,581,574.44
10/3/14,GOOG,1137616,575.28,573.05,577.23,572.5
10/2/14,GOOG,1181177,570.08,567.31,571.91,563.32
10/1/14,GOOG,1441527,568.27,576.01,577.58,567.01
9/30/14,GOOG,1617320,577.36,576.93,579.85,572.85
9/29/14,GOOG,1278274,576.36,571.75,578.19,571.17
9/26/14,GOOG,1439687,577.1,576.06,579.25,574.66
9/25/14,GOOG,1918179,575.06,587.55,587.98,574.18
9/24/14,GOOG,1723438,587.99,581.46,589.63,580.52
9/23/14,GOOG,1464386,581.13,586.85,586.85,581
9/22/14,GOOG,1684861,587.37,593.82,593.95,583.46
9/19/14,GOOG,3724109,596.08,591.5,596.48,589.5
9/18/14,GOOG,1438201,589.27,587,589.54,585
9/17/14,GOOG,1687731,584.77,580.01,587.52,578.78
9/16/14,GOOG,1475668,579.95,572.76,581.5,572.66
9/15/14,GOOG,1593030,573.1,572.94,574.95,568.21
9/12/14,GOOG,1594177,575.62,581,581.64,574.46
9/11/14,GOOG,1215910,581.35,580.36,581.81,576.26
9/10/14,GOOG,972057,583.1,581.5,583.5,576.94
9/9/14,GOOG,1283678,581.01,588.9,589,580
9/8/14,GOOG,1426597,589.72,586.6,591.77,586.3
9/5/14,GOOG,1626806,586.08,583.98,586.55,581.95
9/4/14,GOOG,1454229,581.98,580,586,579.22
9/3/14,GOOG,1211507,577.94,580,582.99,575
9/2/14,GOOG,1574096,577.33,571.85,577.83,571.19
8/29/14,GOOG,1076718,571.6,571.33,572.04,567.07
8/28/14,GOOG,1289128,569.2,569.56,573.25,567.1
8/27/14,GOOG,1696418,571,577.27,578.49,570.1
8/26/14,GOOG,1634286,577.86,581.26,581.8,576.58
8/25/14,GOOG,1357175,580.2,584.72,585,579
8/22/14,GOOG,786115,582.56,583.59,585.24,580.64
8/21/14,GOOG,912165,583.37,583.82,584.5,581.14
8/20/14,GOOG,1033657,584.49,585.88,586.7,582.57
8/19/14,GOOG,975948,586.86,585,587.34,584
8/18/14,GOOG,1280214,582.16,576.11,584.51,576
8/15/14,GOOG,1514966,573.48,577.86,579.38,570.52
8/14/14,GOOG,982814,574.65,576.18,577.9,570.88
8/13/14,GOOG,1435281,574.78,567.31,575,565.75
8/12/14,GOOG,1533541,562.73,564.52,565.9,560.88
8/11/14,GOOG,1210852,567.88,569.99,570.49,566
8/8/14,GOOG,1490706,568.77,563.56,570.25,560.35
8/7/14,GOOG,1106395,563.36,568,569.89,561.1
8/6/14,GOOG,1325466,566.37,561.78,570.7,560
8/5/14,GOOG,1551233,565.07,570.05,571.98,562.61
8/4/14,GOOG,1422379,573.15,569.04,575.35,564.1
8/1/14,GOOG,1946815,566.07,570.4,575.96,562.85
7/31/14,GOOG,2089324,571.6,580.6,583.65,570
7/30/14,GOOG,1013596,587.42,586.55,589.5,584
7/29/14,GOOG,1343951,585.61,588.75,589.7,583.52
7/28/14,GOOG,980623,590.6,588.07,592.5,584.75
7/25/14,GOOG,929755,589.02,590.4,591.86,587.03
7/24/14,GOOG,1032015,593.35,596.45,599.5,591.77
7/23/14,GOOG,1229730,595.98,593.23,597.85,592.5
7/22/14,GOOG,1691117,594.74,590.72,599.65,590.6
7/21/14,GOOG,2056420,589.47,591.75,594.4,585.23
7/18/14,GOOG,4000578,595.08,593,596.8,582
7/17/14,GOOG,2977775,573.73,579.53,580.99,568.61
7/16/14,GOOG,1393153,582.66,588,588.4,582.2
7/15/14,GOOG,1618230,584.78,585.74,585.8,576.56
7/14/14,GOOG,1848917,584.87,582.6,585.21,578.03
7/11/14,GOOG,1617309,579.18,571.91,580.85,571.42
7/10/14,GOOG,1351100,571.1,565.91,576.59,565.01
7/9/14,GOOG,1111847,576.08,571.58,576.72,569.38
7/8/14,GOOG,1904121,571.09,577.66,579.53,566.14
7/7/14,GOOG,1059944,582.25,583.76,586.43,579.59
7/3/14,GOOG,712210,584.73,583.35,585.01,580.92
7/2/14,GOOG,1053529,582.34,583.35,585.44,580.39
7/1/14,GOOG,1444029,582.67,578.32,584.4,576.65
6/30/14,GOOG,1310062,575.28,578.66,579.57,574.75
6/27/14,GOOG,2227207,577.24,577.18,579.87,573.8
6/26/14,GOOG,1725575,576,581,582.45,571.85
6/25/14,GOOG,1961435,578.65,565.26,579.96,565.22
6/24/14,GOOG,2201002,564.62,565.19,572.65,561.01
6/23/14,GOOG,1532354,564.95,555.15,565,554.25
6/20/14,GOOG,4494200,556.36,556.85,557.58,550.39
6/19/14,GOOG,2450141,554.9,554.24,555,548.51
6/18/14,GOOG,1734731,553.37,544.86,553.56,544
6/17/14,GOOG,1440535,543.01,544.2,545.32,539.33
6/16/14,GOOG,1697866,544.28,549.26,549.62,541.52
6/13/14,GOOG,1217046,551.76,552.26,552.3,545.56
6/12/14,GOOG,1454280,551.35,557.3,557.99,548.46
6/11/14,GOOG,1096413,558.84,558,559.88,555.02
6/10/14,GOOG,1346018,560.55,560.51,563.6,557.9
6/9/14,GOOG,1460832,562.12,557.15,562.9,556.04
6/6/14,GOOG,1731983,556.33,558.06,558.06,548.93
6/5/14,GOOG,1684263,553.9,546.4,554.95,544.45
6/4/14,GOOG,1811517,544.66,541.5,548.61,538.75
6/3/14,GOOG,1857079,544.94,550.99,552.34,542.55
6/2/14,GOOG,1430933,553.93,560.7,560.9,545.73
5/30/14,GOOG,1766237,559.89,560.8,561.35,555.91
5/29/14,GOOG,1349166,560.08,563.35,564,558.71
5/28/14,GOOG,1644973,561.68,564.57,567.84,561
5/27/14,GOOG,2098281,565.95,556,566,554.35
5/23/14,GOOG,1926883,552.7,547.26,553.64,543.7
5/22/14,GOOG,1607695,545.06,541.13,547.6,540.78
5/21/14,GOOG,1187797,538.94,532.9,539.18,531.91
5/20/14,GOOG,1778646,529.77,529.74,536.23,526.3
5/19/14,GOOG,1273994,528.86,519.7,529.78,517.58
5/16/14,GOOG,1480946,520.63,521.39,521.8,515.44
5/15/14,GOOG,1697113,519.98,525.7,525.87,517.42
5/14/14,GOOG,1188265,526.65,533,533,525.29
5/13/14,GOOG,1645775,533.09,530.89,536.07,529.51
5/12/14,GOOG,1906208,529.92,523.51,530.19,519.01
5/9/14,GOOG,2431747,518.73,510.75,519.9,504.2
5/8/14,GOOG,2014189,511,508.46,517.23,506.45
5/7/14,GOOG,3213227,509.96,515.79,516.68,503.3
5/6/14,GOOG,1646392,515.14,525.23,526.81,515.06
5/5/14,GOOG,1021200,527.81,524.82,528.9,521.32
5/2/14,GOOG,1683510,527.93,533.76,534,525.61
5/1/14,GOOG,1899335,531.35,527.11,532.93,523.88
4/30/14,GOOG,1744021,526.66,527.6,528,522.52
4/29/14,GOOG,2686946,527.7,516.9,529.46,516.32
4/28/14,GOOG,3321292,517.15,517.18,518.6,502.8
4/25/14,GOOG,2094423,516.18,522.51,524.7,515.42
4/24/14,GOOG,1876048,525.16,530.07,531.65,522.12
4/23/14,GOOG,2042590,526.94,533.79,533.87,526.25
4/22/14,GOOG,2358577,534.81,528.64,537.23,527.51
4/21/14,GOOG,2556088,528.62,536.1,536.7,525.6
4/17/14,GOOG,6780479,536.1,548.81,549.5,531.15
4/16/14,GOOG,4775043,556.54,543,557,540
4/15/14,GOOG,3840157,536.44,536.82,538.45,518.46
4/14/14,GOOG,2561317,532.52,538.25,544.1,529.56
4/11/14,GOOG,3913747,530.6,532.55,540,526.53
4/10/14,GOOG,4025527,540.95,565,565,539.9
4/9/14,GOOG,3321485,564.14,559.62,565.37,552.95
4/8/14,GOOG,3141406,554.9,542.6,555,541.61
4/7/14,GOOG,4364932,538.15,540.74,548.48,527.15
4/4/14,GOOG,6350969,543.14,574.65,577.77,543
4/3/14,GOOG,5080231,569.74,569.85,587.28,564.13
4/2/14,GOOG,146697,567,599.99,604.83,562.19
4/1/14,GOOG,7932,567.16,558.71,568.45,558.71
3/31/14,GOOG,10772,556.97,566.89,567,556.93
3/28/14,GOOG,41003,559.99,561.2,566.43,558.67
3/27/14,GOOG,13052,558.46,568,568,552.92