Time,Symbol,Open,High,Low,Last,Change,%Chg,Volume
11/8/21,JCI,75.57,75.89,74.215,74.47,-0.16,-0.21%,3054996
11/1/21,JCI,73.3,74.81,71.91,74.63,1.26,1.72%,3566020
10/25/21,JCI,73.88,74.45,71.7,73.37,-0.5,-0.68%,3249260
10/18/21,JCI,70.71,74.67,70.62,73.87,2.57,3.60%,2676220
10/11/21,JCI,68.74,72.36,67.96,71.3,2.29,3.32%,3196280
10/4/21,JCI,68.5,71.0857,67.94,69.01,-0.01,-0.01%,3053060
9/27/21,JCI,73.44,73.72,67.8,69.02,-4.55,-6.18%,5782360
9/20/21,JCI,73.28,74.64,71.75,73.57,-1.02,-1.37%,4537160
9/13/21,JCI,75.68,76.17,74.13,74.59,-0.48,-0.64%,4261040
9/6/21,JCI,74.62,76.83,72.845,75.07,0.05,0.07%,5268150
8/30/21,JCI,74.94,75.37,74.04,75.02,0.29,0.39%,3662640
8/23/21,JCI,73.75,75.68,73.34,74.73,1.33,1.81%,2340800
8/16/21,JCI,72.76,73.68,71.63,73.4,0.58,0.80%,2680300
8/9/21,JCI,71.74,73.22,71.27,72.82,0.75,1.04%,2080680
8/2/21,JCI,71.7,72.66,70.59,72.07,0.65,0.91%,3055780
7/26/21,JCI,70.85,71.78,69.25,71.42,0.5,0.71%,3431520
7/19/21,JCI,68.68,71.15,67.39,70.92,1.19,1.71%,3687080
7/12/21,JCI,69.58,70.81,69.31,69.73,-0.33,-0.47%,3989880
7/5/21,JCI,69.3,70.45,67.57,70.06,0.88,1.27%,4537125
6/28/21,JCI,67.32,69.22,66.73,69.18,2.09,3.12%,3689360
6/21/21,JCI,65.03,67.48,64.8701,67.09,2.65,4.11%,4678880
6/14/21,JCI,66.74,67.47,64.37,64.44,-2.6,-3.88%,4911500
6/7/21,JCI,67.08,68.0,65.945,67.04,0.31,0.46%,3636900
5/31/21,JCI,68.33,68.33,65.61,66.73,0.19,0.29%,3113325
5/24/21,JCI,64.88,66.705,64.5,66.54,2.04,3.16%,4952140
5/17/21,JCI,65.23,66.22,62.34,64.5,-1.05,-1.60%,4531840
5/10/21,JCI,65.9,66.695,62.855,65.55,-0.15,-0.23%,5487880
5/3/21,JCI,62.97,65.97,62.36,65.7,3.36,5.39%,5428900
4/26/21,JCI,63.22,64.085,60.11,62.34,-0.56,-0.89%,5194640
4/19/21,JCI,62.34,63.52,60.86,62.9,0.41,0.66%,3220500
4/12/21,JCI,61.75,62.85,61.05,62.49,0.73,1.18%,2700800
4/5/21,JCI,60.49,61.915,59.53,61.76,1.86,3.11%,3211500
3/29/21,JCI,60.84,61.1,59.53,59.9,-0.09,-0.15%,4064500
3/22/21,JCI,59.8,60.47,58.15,59.99,-0.01,-0.02%,5211820
3/15/21,JCI,61.52,62.4,59.42,60.0,-1.81,-2.93%,5558180
3/8/21,JCI,59.38,61.91,58.9601,61.81,2.61,4.41%,4857960
3/1/21,JCI,56.36,59.31,55.83,59.2,3.41,6.11%,4850080
2/22/21,JCI,56.0,56.7,55.14,55.79,-0.23,-0.41%,4827660
2/15/21,JCI,53.82,56.828,52.66,56.02,2.44,4.55%,4879350
2/8/21,JCI,51.11,53.66,50.975,53.58,2.53,4.96%,4097140
2/1/21,JCI,50.24,51.63,50.0644,51.05,1.23,2.47%,4098200
1/25/21,JCI,51.94,52.18,48.11,49.82,-2.53,-4.83%,4596880
1/18/21,JCI,52.37,52.83,51.45,52.35,0.54,1.04%,4493100
1/11/21,JCI,49.05,52.915,49.002,51.81,0.51,0.99%,4090220
1/4/21,JCI,46.61,51.57,45.905,51.3,4.71,10.11%,6267120
12/28/20,JCI,46.18,46.805,45.55,46.59,0.66,1.44%,2289200
12/21/20,JCI,45.5,46.22,45.35,45.93,-0.31,-0.67%,3213375
12/14/20,JCI,45.68,46.73,44.91,46.24,0.69,1.51%,5890700
12/7/20,JCI,45.85,45.99,45.04,45.55,-0.34,-0.74%,4341120
11/30/20,JCI,45.94,47.3,45.45,45.89,-0.08,-0.17%,5486560
11/23/20,JCI,45.59,47.01,45.46,45.97,0.68,1.50%,2894700
11/16/20,JCI,45.32,46.3,44.11,45.29,0.64,1.43%,7581440
11/9/20,JCI,46.31,47.58,43.455,44.65,0.91,2.08%,7175480
11/2/20,JCI,42.94,45.08,41.69,43.74,1.53,3.62%,7109380
10/26/20,JCI,43.72,43.815,40.92,42.21,-2.19,-4.93%,3944040
10/19/20,JCI,43.06,44.76,42.29,44.4,1.38,3.21%,4157080
10/12/20,JCI,43.0,43.66,42.0,43.02,0.05,0.12%,3385460
10/5/20,JCI,41.95,43.64,41.56,42.97,1.38,3.32%,4059860
9/28/20,JCI,41.08,42.11,40.15,41.59,1.1,2.72%,5210220
9/21/20,JCI,41.94,42.03,39.795,40.49,-2.29,-5.35%,4108680
9/14/20,JCI,41.95,43.195,41.91,42.78,1.11,2.66%,4969400
9/7/20,JCI,41.05,42.315,40.45,41.67,0.36,0.87%,5060875
8/31/20,JCI,41.29,42.34,40.34,41.31,0.01,0.02%,5159720
8/24/20,JCI,40.8,41.49,40.74,41.3,0.71,1.75%,3969220
8/17/20,JCI,40.77,40.935,39.8,40.59,-0.27,-0.66%,4612380
8/10/20,JCI,39.33,42.13,39.08,40.86,1.81,4.64%,5117660
8/3/20,JCI,38.58,39.16,37.82,39.05,0.57,1.48%,4708800
7/27/20,JCI,36.72,39.95,36.5,38.48,1.68,4.57%,5202280
7/20/20,JCI,37.44,37.85,36.41,36.8,-0.87,-2.31%,4093960
7/13/20,JCI,34.11,37.715,33.545,37.67,3.8,11.22%,6684620
7/6/20,JCI,34.88,35.07,33.31,33.87,-0.47,-1.37%,4515100
6/29/20,JCI,33.44,35.02,33.12,34.34,0.98,2.94%,4456850
6/22/20,JCI,34.67,35.45,32.7,33.36,-0.96,-2.80%,6484700
6/15/20,JCI,33.39,36.9,33.23,34.32,-0.13,-0.38%,6589200
6/8/20,JCI,36.18,37.07,32.81,34.45,-1.6,-4.44%,8232240
6/1/20,JCI,31.45,36.455,31.17,36.05,4.64,14.77%,4629400
5/25/20,JCI,30.49,32.53,30.42,31.41,1.88,6.37%,5717500
5/18/20,JCI,29.58,30.08,28.58,29.53,1.07,3.76%,5359300
5/11/20,JCI,29.43,29.43,26.225,28.46,-1.34,-4.50%,6162180
5/4/20,JCI,27.63,29.89,26.92,29.8,1.94,6.96%,5016900
4/27/20,JCI,28.16,31.245,27.46,27.86,-0.05,-0.18%,5280460
4/20/20,JCI,28.79,29.07,27.29,27.91,-1.63,-5.52%,5315260
4/13/20,JCI,30.35,31.1,28.1,29.54,-1.06,-3.46%,4876440
4/6/20,JCI,26.73,31.34,26.63,30.6,5.13,20.14%,6775400
3/30/20,JCI,25.94,27.47,24.6602,25.47,-0.47,-1.81%,7984440
3/23/20,JCI,24.44,27.55,22.775,25.94,1.03,4.13%,11177180
3/16/20,JCI,28.89,32.855,23.96,24.91,-7.9,-24.08%,9381340
3/9/20,JCI,35.58,37.605,30.52,32.81,-5.35,-14.02%,10742800
3/2/20,JCI,36.81,39.48,36.095,38.16,1.59,4.35%,9164860
2/24/20,JCI,41.67,41.835,35.575,36.57,-5.88,-13.85%,8502040
2/17/20,JCI,41.98,42.645,41.51,42.45,0.49,1.17%,6370725
2/10/20,JCI,39.71,41.96,39.595,41.96,2.15,5.40%,4585960
2/3/20,JCI,39.58,40.1,39.21,39.81,0.36,0.91%,4658940
1/27/20,JCI,40.85,42.34,39.23,39.45,-1.9,-4.59%,6011940
1/20/20,JCI,40.86,41.77,40.82,41.35,0.36,0.88%,4908225
1/13/20,JCI,41.0,41.36,40.76,40.99,0.01,0.02%,4792760
1/6/20,JCI,41.03,41.59,40.63,40.98,0.32,0.79%,4669580
12/30/19,JCI,41.04,41.41,40.36,40.66,-0.4,-0.97%,3405500
12/23/19,JCI,41.24,41.39,40.89,41.06,-0.16,-0.39%,1969050
12/16/19,JCI,40.72,41.24,40.315,41.22,0.78,1.93%,8382620
12/9/19,JCI,42.04,42.73,40.24,40.44,-1.65,-3.92%,5138620
12/2/19,JCI,42.79,42.875,41.605,42.09,-0.74,-1.73%,4475060
11/25/19,JCI,42.8,43.21,42.57,42.83,0.13,0.30%,3428300
11/18/19,JCI,42.42,42.99,42.02,42.7,0.31,0.73%,3779220
11/11/19,JCI,42.21,42.77,41.51,42.39,-0.13,-0.31%,4350720
11/4/19,JCI,44.23,44.82,41.81,42.52,-1.3,-2.97%,5649040
10/28/19,JCI,42.72,43.92,42.32,43.82,1.26,2.96%,4594600
10/21/19,JCI,42.07,42.92,41.92,42.56,0.71,1.70%,5522020
10/14/19,JCI,42.61,42.81,41.69,41.85,-0.87,-2.04%,5249240
10/7/19,JCI,42.12,43.05,41.29,42.72,0.28,0.66%,6064560
9/30/19,JCI,43.815,44.2,41.34,42.44,-1.23,-2.82%,4877540
9/23/19,JCI,43.72,44.65,43.27,43.67,-0.24,-0.55%,4057220
9/16/19,JCI,43.85,44.58,43.51,43.91,-0.13,-0.30%,4941560
9/9/19,JCI,42.93,44.5,42.3,44.04,1.22,2.85%,4263040
9/2/19,JCI,42.42,43.3,41.84,42.82,0.13,0.30%,4282975
8/26/19,JCI,41.47,43.155,41.23,42.69,1.4,3.39%,4536800
8/19/19,JCI,42.76,43.22,41.025,41.29,-1.04,-2.46%,4783360
8/12/19,JCI,42.17,42.89,41.28,42.33,0.02,0.05%,4320860
8/5/19,JCI,41.42,42.68,40.99,42.31,0.38,0.91%,4386480
7/29/19,JCI,41.23,42.85,40.63,41.93,0.73,1.77%,5234080
7/22/19,JCI,41.0,41.57,40.715,41.2,-0.12,-0.29%,3293420
7/15/19,JCI,41.54,42.15,40.67,41.32,-0.22,-0.53%,3630540
7/8/19,JCI,42.0,42.18,41.07,41.54,-0.33,-0.79%,4817780
7/1/19,JCI,41.68,42.07,41.25,41.87,0.56,1.36%,3526650
6/24/19,JCI,39.99,41.395,39.86,41.31,1.22,3.04%,5627060
6/17/19,JCI,40.05,40.1,38.76,40.09,0.14,0.35%,11014720
6/10/19,JCI,39.08,40.315,38.745,39.95,0.84,2.15%,7286540
6/3/19,JCI,39.41,39.93,38.5,39.11,0.59,1.53%,14194000
5/27/19,JCI,38.61,38.96,37.96,38.52,0.01,0.03%,21029625
5/20/19,JCI,38.86,39.5157,38.47,38.51,-0.44,-1.13%,9900820
5/13/19,JCI,39.07,39.59,38.86,38.95,-0.73,-1.84%,6078860
5/6/19,JCI,39.19,39.8,38.93,39.68,0.1,0.25%,5602240
4/29/19,JCI,37.2,39.84,37.085,39.58,2.39,6.43%,6338700
4/22/19,JCI,36.59,37.26,36.26,37.19,0.44,1.20%,3756460
4/15/19,JCI,36.11,37.0575,35.99,36.75,0.67,1.86%,4706800
4/8/19,JCI,36.2,36.52,35.685,36.08,-0.11,-0.30%,6389340
4/1/19,JCI,37.24,37.36,35.9231,36.19,-0.75,-2.03%,6780960
3/25/19,JCI,36.2,37.25,36.015,36.94,0.81,2.24%,2912840
3/18/19,JCI,36.1,37.09,35.91,36.13,0.3,0.84%,3461800
3/11/19,JCI,35.86,36.42,35.6534,35.83,-0.05,-0.14%,3598600
3/4/19,JCI,35.43,35.94,34.74,35.88,0.59,1.67%,4169420
2/25/19,JCI,35.98,36.18,35.0,35.29,-0.48,-1.34%,3389440
2/18/19,JCI,34.88,35.97,34.75,35.77,0.67,1.91%,3564625
2/11/19,JCI,34.12,35.235,33.95,35.1,1.1,3.24%,3864360
2/4/19,JCI,33.09,34.39,33.09,34.0,0.75,2.26%,5324260
1/28/19,JCI,32.41,34.1,32.11,33.25,0.54,1.65%,5675860
1/21/19,JCI,32.55,33.015,31.815,32.71,-0.02,-0.06%,4087050
1/14/19,JCI,31.98,33.06,31.44,32.73,0.55,1.71%,4698620
1/7/19,JCI,31.33,32.4,31.2,32.18,0.97,3.11%,5372520
12/31/18,JCI,29.65,31.4,29.15,31.21,1.6,5.40%,5948625
12/24/18,JCI,29.37,30.11,28.295,29.61,0.14,0.48%,6239250
12/17/18,JCI,31.95,32.61,29.43,29.47,-2.5,-7.82%,8130360
12/10/18,JCI,32.7,33.23,31.65,31.97,-0.69,-2.11%,5328780
12/3/18,JCI,35.0,35.63,32.63,32.66,-2.12,-6.10%,6225125
11/26/18,JCI,33.55,34.815,33.09,34.78,1.39,4.16%,5042100
11/19/18,JCI,33.21,33.91,32.76,33.39,-0.05,-0.15%,3954775
11/12/18,JCI,34.3,35.745,32.85,33.44,-0.91,-2.65%,7080800
11/5/18,JCI,32.54,35.55,32.54,34.35,1.85,5.69%,5605580
10/29/18,JCI,31.8,33.79,30.6,32.5,1.18,3.77%,7014560
10/22/18,JCI,32.93,33.05,30.905,31.32,-1.61,-4.89%,6068180
10/15/18,JCI,32.73,34.16,32.65,32.93,-0.03,-0.09%,5152400
10/8/18,JCI,36.18,36.54,32.35,32.96,-3.35,-9.23%,5592780
10/1/18,JCI,35.28,36.58,35.07,36.31,1.31,3.74%,4492200
9/24/18,JCI,36.79,36.92,34.99,35.0,-1.96,-5.30%,4835680
9/17/18,JCI,37.79,37.95,36.64,36.96,-1.04,-2.74%,5277380
9/10/18,JCI,38.69,38.91,37.12,38.0,-0.3,-0.78%,3484780
9/3/18,JCI,37.75,38.9,37.49,38.3,0.53,1.40%,5382100
8/27/18,JCI,39.36,40.08,37.52,37.77,-1.44,-3.67%,8640660
8/20/18,JCI,38.31,40.325,38.225,39.21,0.96,2.51%,5362320
8/13/18,JCI,36.96,38.47,36.37,38.25,1.35,3.66%,3922520
8/6/18,JCI,38.01,38.36,36.65,36.9,-1.04,-2.74%,3950440
7/30/18,JCI,36.11,38.16,36.05,37.94,1.88,5.21%,5967840
7/23/18,JCI,35.98,36.18,35.115,36.06,-0.08,-0.22%,3291260
7/16/18,JCI,35.13,36.34,34.54,36.14,1.02,2.90%,4152400
7/9/18,JCI,34.69,35.29,33.93,35.12,0.48,1.39%,3093280
7/2/18,JCI,33.15,34.78,32.93,34.64,1.19,3.56%,3142875
6/25/18,JCI,33.93,34.51,32.9,33.45,-0.54,-1.59%,4009240
6/18/18,JCI,34.66,35.26,33.935,33.99,-1.05,-3.00%,5017040
6/11/18,JCI,35.13,35.42,34.0,35.04,-0.1,-0.28%,4385240
6/4/18,JCI,33.97,35.16,33.81,35.14,1.41,4.18%,3587160
5/28/18,JCI,34.35,34.66,33.46,33.73,-0.91,-2.63%,4166150
5/21/18,JCI,36.17,36.39,33.86,34.64,-1.31,-3.64%,6037500
5/14/18,JCI,36.32,36.805,35.79,35.95,-0.35,-0.96%,3923020
5/7/18,JCI,36.32,36.89,35.97,36.3,0.05,0.14%,4534800
4/30/18,JCI,34.44,36.325,33.84,36.25,1.78,5.16%,5948580
4/23/18,JCI,34.29,34.69,32.89,34.47,0.2,0.58%,5326060
4/16/18,JCI,34.23,34.84,33.78,34.27,0.19,0.56%,4577380
4/9/18,JCI,33.81,34.67,33.23,34.08,0.44,1.31%,5705340
4/2/18,JCI,35.06,35.14,33.43,33.64,-1.6,-4.54%,4759200
3/26/18,JCI,34.72,35.475,33.89,35.24,0.91,2.65%,5073175
3/19/18,JCI,36.69,36.86,34.21,34.33,-2.37,-6.46%,5409980
3/12/18,JCI,39.25,39.69,36.56,36.7,-1.84,-4.77%,6185060
3/5/18,JCI,36.08,38.54,36.04,38.54,2.27,6.26%,4099560
2/26/18,JCI,38.87,39.0,34.99,36.27,-2.55,-6.57%,5527500
2/19/18,JCI,38.19,38.85,37.75,38.82,0.4,1.04%,3401300
2/12/18,JCI,36.58,38.84,36.52,38.42,2.13,5.87%,6460920
2/5/18,JCI,39.33,39.54,35.43,36.29,-3.24,-8.20%,6688560
1/29/18,JCI,41.26,41.44,38.36,39.53,-1.9,-4.59%,6917840
1/22/18,JCI,38.9,41.53,38.6,41.43,2.53,6.50%,6439920
1/15/18,JCI,39.93,40.32,38.55,38.9,-0.9,-2.26%,9341375
1/8/18,JCI,38.21,39.97,38.14,39.8,1.38,3.59%,5532460
1/1/18,JCI,38.32,40.135,37.75,38.42,0.31,0.81%,7782625
12/25/17,JCI,38.11,38.35,37.63,38.11,0.0,0.00%,4130125
12/18/17,JCI,37.56,38.21,37.19,38.11,0.85,2.28%,5348060
12/11/17,JCI,37.29,38.29,36.79,37.26,-0.15,-0.40%,5482340
12/4/17,JCI,37.72,37.91,36.52,37.41,-0.01,-0.03%,6622360
11/27/17,JCI,36.93,38.53,36.69,37.42,0.51,1.38%,6528880
11/20/17,JCI,36.74,36.94,35.73,36.91,0.52,1.43%,4160950
11/13/17,JCI,36.63,36.66,34.51,36.39,-0.54,-1.46%,9115120
11/6/17,JCI,40.84,41.56,36.48,36.93,-3.75,-9.22%,7132700
10/30/17,JCI,42.18,42.45,40.33,40.68,-1.73,-4.08%,4139800
10/23/17,JCI,41.63,42.6,40.78,42.41,0.79,1.90%,4192360
10/16/17,JCI,41.82,41.93,40.6,41.62,-0.07,-0.17%,3547180
10/9/17,JCI,41.11,41.93,40.52,41.69,0.62,1.51%,4216320
10/2/17,JCI,40.42,41.46,40.21,41.07,0.78,1.94%,3586740
9/25/17,JCI,39.89,41.19,39.305,40.29,0.4,1.00%,5505780
9/18/17,JCI,39.88,40.32,38.95,39.89,0.08,0.20%,4576340
9/11/17,JCI,39.34,40.11,39.07,39.81,0.65,1.66%,4166100
9/4/17,JCI,39.89,40.34,38.96,39.16,-0.73,-1.83%,4267575
8/28/17,JCI,38.91,40.07,38.475,39.89,1.06,2.73%,4048900
8/21/17,JCI,37.15,39.12,37.14,38.83,1.78,4.80%,7470380
8/14/17,JCI,38.95,38.985,36.74,37.05,-1.62,-4.19%,6897680
8/7/17,JCI,39.2,39.98,38.65,38.67,-0.5,-1.28%,4215360
7/31/17,JCI,39.64,39.69,38.51,39.17,-0.47,-1.19%,6199160
7/24/17,JCI,44.1,44.37,38.75,39.64,-4.55,-10.30%,9563120
7/17/17,JCI,43.84,44.27,43.78,44.19,0.32,0.73%,3079420
7/10/17,JCI,43.15,44.09,42.865,43.87,0.71,1.65%,3725980
7/3/17,JCI,43.61,43.74,43.01,43.16,-0.2,-0.46%,3037725
6/26/17,JCI,41.73,43.71,41.73,43.36,1.54,3.68%,5276700
6/19/17,JCI,42.14,42.7,41.28,41.82,-0.04,-0.10%,6993940
6/12/17,JCI,41.81,42.14,41.23,41.86,-0.21,-0.50%,5205840
6/5/17,JCI,42.07,42.39,40.78,42.07,-0.18,-0.43%,5428440
5/29/17,JCI,41.99,42.47,41.57,42.25,0.22,0.52%,3658000
5/22/17,JCI,42.81,43.04,41.74,42.03,-0.57,-1.34%,3402740
5/15/17,JCI,42.03,42.94,41.23,42.6,0.56,1.33%,5576740
5/8/17,JCI,41.9,42.47,41.65,42.04,0.07,0.17%,3735180
5/1/17,JCI,41.77,42.0,41.1,41.97,0.4,0.96%,4409960
4/24/17,JCI,42.5,43.61,41.33,41.57,-0.47,-1.12%,5844800
4/17/17,JCI,40.63,42.16,40.36,42.04,1.44,3.55%,3729300
4/10/17,JCI,41.03,41.46,40.6,40.6,-0.39,-0.95%,3360450
4/3/17,JCI,42.15,42.27,40.88,40.99,-1.13,-2.68%,3947440
3/27/17,JCI,40.83,42.4,40.66,42.12,0.9,2.18%,3609940
3/20/17,JCI,41.96,42.56,40.79,41.22,-0.75,-1.79%,5306820
3/13/17,JCI,40.81,42.45,40.67,41.97,0.74,1.79%,5191080
3/6/17,JCI,41.65,42.27,40.44,41.23,-0.83,-1.97%,4513220
2/27/17,JCI,41.72,42.85,41.71,42.06,0.24,0.57%,4411340
2/20/17,JCI,42.08,42.8,41.25,41.82,-0.09,-0.21%,5266425
2/13/17,JCI,42.03,42.14,40.63,41.91,0.06,0.14%,6196460
2/6/17,JCI,42.59,42.76,40.81,41.85,-0.81,-1.90%,6870820
1/30/17,JCI,43.73,44.54,42.01,42.66,-1.07,-2.45%,7578060
1/23/17,JCI,42.7,44.7,42.65,43.73,0.83,1.93%,4925840
1/16/17,JCI,43.51,43.55,42.51,42.9,-0.76,-1.74%,4467550
1/9/17,JCI,42.62,44.42,42.35,43.66,0.87,2.03%,7817040
1/2/17,JCI,41.63,43.15,41.47,42.79,1.6,3.88%,6439025
11/8/21,ARCB,111.46,114.1513,110.25,112.04,2.03,1.85%,678850
11/1/21,ARCB,93.99,116.79,90.85,110.01,20.16,22.44%,794540
10/25/21,ARCB,89.06,94.03,86.93,89.85,1.44,1.63%,438241
10/18/21,ARCB,85.28,90.67,83.62,88.41,2.95,3.45%,347300
10/11/21,ARCB,88.21,89.48,81.82,85.46,-2.13,-2.43%,322380
10/4/21,ARCB,85.0,91.33,83.1501,87.59,2.65,3.12%,391960
9/27/21,ARCB,76.89,85.58,74.5,84.94,8.48,11.09%,436380
9/20/21,ARCB,71.12,78.06,69.13,76.46,2.59,3.51%,321600
9/13/21,ARCB,68.49,75.39,67.0,73.87,6.25,9.24%,394260
9/6/21,ARCB,69.77,70.83,65.296,67.62,-1.99,-2.86%,206700
8/30/21,ARCB,68.4,70.91,65.54,69.61,1.84,2.72%,221620
8/23/21,ARCB,65.0,68.51,64.9,67.77,3.29,5.10%,158980
8/16/21,ARCB,68.5,69.25,61.63,64.48,-4.55,-6.59%,254080
8/9/21,ARCB,67.01,70.07,66.0,69.03,1.34,1.98%,260960
8/2/21,ARCB,59.0,67.76,58.81,67.69,8.58,14.52%,460680
7/26/21,ARCB,57.81,59.92,55.85,59.11,1.42,2.46%,269700
7/19/21,ARCB,54.46,58.52,52.86,57.69,0.54,0.94%,376980
7/12/21,ARCB,60.34,62.99,56.94,57.15,-3.29,-5.44%,332100
7/5/21,ARCB,58.88,60.871,56.16,60.44,1.92,3.28%,399150
6/28/21,ARCB,58.16,60.37,56.6,58.52,0.38,0.65%,292560
6/21/21,ARCB,54.86,59.15,54.7,58.14,3.99,7.37%,362440
6/14/21,ARCB,60.1,61.0,53.65,54.15,-5.95,-9.90%,393240
6/7/21,ARCB,68.02,68.585,58.38,60.1,-9.73,-13.93%,825140
5/31/21,ARCB,78.83,82.34,65.4211,69.83,-8.01,-10.29%,571525
5/24/21,ARCB,77.88,80.34,75.2,77.84,-0.41,-0.52%,244620
5/17/21,ARCB,84.07,84.25,76.33,78.25,-5.86,-6.97%,295280
5/10/21,ARCB,91.69,93.96,79.94,84.11,-6.34,-7.01%,306800
5/3/21,ARCB,73.33,91.53,73.0,90.45,17.69,24.31%,318420
4/26/21,ARCB,73.54,74.3,70.56,72.76,0.23,0.32%,150480
4/19/21,ARCB,73.81,74.41,68.67,72.53,-1.62,-2.18%,187040
4/12/21,ARCB,73.26,76.209,72.25,74.15,0.89,1.21%,101600
4/5/21,ARCB,73.55,74.9599,70.5,73.26,1.27,1.76%,187100
3/29/21,ARCB,70.02,72.77,67.27,71.99,1.27,1.80%,213675
3/22/21,ARCB,70.52,71.13,64.52,70.72,0.91,1.30%,199880
3/15/21,ARCB,73.7,73.7,68.42,69.81,-4.09,-5.53%,298340
3/8/21,ARCB,67.38,74.99,66.45,73.9,7.51,11.31%,425060
3/1/21,ARCB,60.1,69.0,60.0,66.39,7.4,12.54%,359720
2/22/21,ARCB,55.37,61.135,55.07,58.99,3.33,5.98%,235500
2/15/21,ARCB,57.08,57.42,53.12,55.66,-1.3,-2.28%,260775
2/8/21,ARCB,50.34,57.35,50.27,56.96,7.05,14.13%,332620
2/1/21,ARCB,46.96,50.6499,45.94,49.91,3.56,7.68%,198460
1/25/21,ARCB,48.93,50.36,46.24,46.35,-2.09,-4.31%,170440
1/18/21,ARCB,48.0,50.39,47.35,48.44,1.04,2.19%,140000
1/11/21,ARCB,47.0,49.29,46.19,47.4,-0.39,-0.82%,128780
1/4/21,ARCB,43.7,48.7799,42.46,47.79,5.12,12.00%,179740
12/28/20,ARCB,43.87,44.29,42.405,42.67,-0.62,-1.43%,94000
12/21/20,ARCB,42.08,43.8,42.08,43.29,0.0,0.00%,126350
12/14/20,ARCB,45.24,45.84,41.22,43.29,-1.41,-3.15%,264100
12/7/20,ARCB,44.95,46.25,43.5,44.7,-0.29,-0.64%,166660
11/30/20,ARCB,42.45,45.1,41.395,44.99,2.65,6.26%,240640
11/23/20,ARCB,39.3,42.79,37.34,42.34,4.42,11.66%,203725
11/16/20,ARCB,37.93,39.69,37.05,37.92,0.82,2.21%,149400
11/9/20,ARCB,34.75,37.7551,34.12,37.1,3.79,11.38%,186180
11/2/20,ARCB,31.04,36.79,30.13,33.31,2.79,9.14%,249460
10/26/20,ARCB,32.95,33.27,29.02,30.52,-2.95,-8.81%,124940
10/19/20,ARCB,33.8,34.23,32.45,33.47,-0.02,-0.06%,107420
10/12/20,ARCB,35.43,35.62,33.31,33.49,-1.51,-4.31%,126100
10/5/20,ARCB,32.1,36.15,32.1,35.0,3.34,10.55%,215800
9/28/20,ARCB,30.51,32.91,29.33,31.66,1.52,5.04%,255340
9/21/20,ARCB,30.26,31.95,28.525,30.14,-0.53,-1.73%,261280
9/14/20,ARCB,32.75,33.22,30.47,30.67,-1.78,-5.49%,244020
9/7/20,ARCB,32.66,33.74,32.05,32.45,-0.47,-1.43%,170725
8/31/20,ARCB,34.62,34.81,32.28,32.92,-1.57,-4.55%,176420
8/24/20,ARCB,32.5,35.0,32.34,34.49,2.36,7.35%,161560
8/17/20,ARCB,32.25,32.82,31.45,32.13,0.03,0.09%,132580
8/10/20,ARCB,31.61,33.86,31.435,32.1,0.72,2.29%,176980
8/3/20,ARCB,30.53,31.85,29.5905,31.38,0.99,3.26%,215760
7/27/20,ARCB,30.53,33.53,29.73,30.39,-0.19,-0.62%,323180
7/20/20,ARCB,30.8,31.73,29.95,30.58,-0.39,-1.26%,178960
7/13/20,ARCB,28.22,31.25,27.02,30.97,3.15,11.32%,222720
7/6/20,ARCB,26.24,28.54,25.75,27.82,2.16,8.42%,234120
6/29/20,ARCB,24.7,26.75,24.55,25.66,1.24,5.08%,259550
6/22/20,ARCB,24.68,25.29,23.21,24.42,-0.55,-2.20%,237560
6/15/20,ARCB,22.42,25.46,22.18,24.97,1.77,7.63%,304380
6/8/20,ARCB,26.0,26.455,22.53,23.2,-2.45,-9.55%,194040
6/1/20,ARCB,22.39,26.43,21.77,25.65,3.26,14.56%,199320
5/25/20,ARCB,22.1,23.52,21.56,22.39,1.14,5.36%,156925
5/18/20,ARCB,20.2,21.51,19.94,21.25,1.88,9.71%,193780
5/11/20,ARCB,21.48,21.5,17.58,19.37,-2.13,-9.91%,171340
5/4/20,ARCB,20.51,23.245,19.11,21.5,0.78,3.76%,211040
4/27/20,ARCB,18.83,22.2,18.83,20.72,2.03,10.86%,220980
4/20/20,ARCB,19.22,19.225,17.2,18.69,-0.81,-4.15%,169760
4/13/20,ARCB,20.4,20.4,17.9,19.5,-1.0,-4.88%,189980
4/6/20,ARCB,17.25,21.21,17.01,20.5,3.82,22.90%,219800
3/30/20,ARCB,19.8,20.35,15.91,16.68,-2.7,-13.93%,298440
3/23/20,ARCB,19.51,21.49,18.06,19.38,0.09,0.47%,266060
3/16/20,ARCB,18.56,23.48,13.54,19.29,0.49,2.61%,412300
3/9/20,ARCB,18.16,19.86,16.75,18.8,-0.83,-4.23%,330620
3/2/20,ARCB,19.75,21.5,18.12,19.63,-0.18,-0.91%,291120
2/24/20,ARCB,23.71,23.73,18.51,19.81,-4.99,-20.12%,277940
2/17/20,ARCB,24.39,25.17,24.2,24.8,0.36,1.47%,220075
2/10/20,ARCB,22.86,24.65,22.54,24.44,1.36,5.89%,259800
2/3/20,ARCB,22.15,23.68,21.99,23.08,0.77,3.45%,234760
1/27/20,ARCB,25.59,26.87,21.8,22.31,-3.89,-14.85%,218460
1/20/20,ARCB,27.95,27.95,25.96,26.2,-1.89,-6.73%,141200
1/13/20,ARCB,27.32,29.05,27.15,28.09,0.74,2.71%,157380
1/6/20,ARCB,27.34,27.95,26.87,27.35,-0.22,-0.80%,110160
12/30/19,ARCB,27.57,27.98,27.01,27.57,0.14,0.51%,133050
12/23/19,ARCB,28.22,28.22,26.83,27.43,-0.64,-2.28%,100725
12/16/19,ARCB,27.77,28.78,27.65,28.07,0.62,2.26%,235600
12/9/19,ARCB,27.6,28.81,27.18,27.45,-0.27,-0.97%,153820
12/2/19,ARCB,28.85,29.1,26.745,27.72,-1.06,-3.68%,215660
11/25/19,ARCB,28.2,29.54,28.2,28.78,0.57,2.02%,97100
11/18/19,ARCB,29.16,29.16,28.03,28.21,-0.98,-3.36%,137120
11/11/19,ARCB,30.91,31.42,28.135,29.19,-1.98,-6.35%,157180
11/4/19,ARCB,29.85,32.1899,29.82,31.17,1.63,5.52%,130800
10/28/19,ARCB,30.84,31.77,28.42,29.54,-1.19,-3.87%,143120
10/21/19,ARCB,30.69,31.2399,29.72,30.73,0.455,1.50%,162220
10/14/19,ARCB,28.7,30.94,28.32,30.275,1.465,5.09%,208460
10/7/19,ARCB,28.06,29.31,27.485,28.81,0.62,2.20%,187880
9/30/19,ARCB,30.67,31.15,27.18,28.19,-2.54,-8.27%,224440
9/23/19,ARCB,30.54,32.455,30.18,30.73,0.04,0.13%,198660
9/16/19,ARCB,30.98,31.58,29.93,30.69,-0.53,-1.70%,242600
9/9/19,ARCB,29.69,32.3109,29.53,31.22,1.54,5.19%,223080
9/2/19,ARCB,29.23,30.53,28.71,29.68,0.07,0.24%,202875
8/26/19,ARCB,28.32,29.92,27.8926,29.61,1.73,6.21%,162140
8/19/19,ARCB,28.85,29.76,27.79,27.88,-0.5,-1.76%,197800
8/12/19,ARCB,28.07,29.45,26.88,28.38,0.12,0.42%,227240
8/5/19,ARCB,28.33,28.74,27.36,28.26,-0.44,-1.53%,210360
7/29/19,ARCB,27.93,31.71,27.33,28.7,0.73,2.61%,405500
7/22/19,ARCB,26.47,29.06,26.36,27.97,1.61,6.11%,308500
7/15/19,ARCB,26.79,27.49,26.1,26.36,-0.54,-2.01%,190140
7/8/19,ARCB,26.97,27.28,24.87,26.9,-0.34,-1.25%,219620
7/1/19,ARCB,28.27,28.54,26.82,27.24,-0.87,-3.09%,157325
6/24/19,ARCB,26.84,28.27,24.89,28.11,1.29,4.81%,270800
6/17/19,ARCB,26.88,27.34,26.3,26.82,-0.02,-0.07%,246620
6/10/19,ARCB,25.74,27.79,25.74,26.84,1.25,4.88%,249080
6/3/19,ARCB,24.92,26.295,24.84,25.59,0.52,2.07%,207200
5/27/19,ARCB,26.3,26.46,24.685,25.07,-1.36,-5.15%,316850
5/20/19,ARCB,27.85,28.87,26.13,26.43,-1.73,-6.14%,311900
5/13/19,ARCB,27.96,29.5,27.72,28.16,-0.49,-1.71%,356460
5/6/19,ARCB,29.31,30.4,28.05,28.65,-1.55,-5.13%,273640
4/29/19,ARCB,31.61,31.62,28.345,30.2,-1.37,-4.34%,393140
4/22/19,ARCB,32.85,33.75,31.22,31.57,-1.49,-4.51%,190400
4/15/19,ARCB,33.76,34.24,32.01,33.06,-0.63,-1.87%,246650
4/8/19,ARCB,33.04,34.45,32.33,33.69,0.53,1.60%,227740
4/1/19,ARCB,31.35,33.495,31.29,33.16,2.37,7.70%,249020
3/25/19,ARCB,30.6,31.9,30.16,30.79,0.01,0.03%,264220
3/18/19,ARCB,33.21,33.83,30.74,30.78,-2.32,-7.01%,254900
3/11/19,ARCB,33.65,34.6,33.03,33.1,-0.62,-1.84%,275820
3/4/19,ARCB,35.33,36.08,32.91,33.72,-1.59,-4.50%,323720
2/25/19,ARCB,37.35,37.79,34.76,35.31,-1.82,-4.90%,240160
2/18/19,ARCB,38.77,39.25,37.04,37.13,-1.69,-4.35%,322650
2/11/19,ARCB,37.16,40.21,36.75,38.82,1.7,4.58%,223980
2/4/19,ARCB,36.73,38.61,35.66,37.12,0.39,1.06%,253080
1/28/19,ARCB,38.62,41.87,36.27,36.73,-2.2,-5.65%,555660
1/21/19,ARCB,39.33,39.49,37.4,38.93,-0.45,-1.14%,199675
1/14/19,ARCB,38.73,39.8,36.489,39.38,0.16,0.41%,324220
1/7/19,ARCB,35.77,39.865,35.42,39.22,3.44,9.61%,276700
12/31/18,ARCB,35.14,36.389,33.35,35.78,0.93,2.67%,277325
12/24/18,ARCB,32.95,35.67,32.35,34.85,1.52,4.56%,185825
12/17/18,ARCB,35.0,36.92,33.23,33.33,-1.67,-4.77%,317300
12/10/18,ARCB,35.91,37.16,34.74,35.0,-0.75,-2.10%,230360
12/3/18,ARCB,40.86,41.77,35.72,35.75,-4.51,-11.20%,306600
11/26/18,ARCB,39.9,40.55,36.6,40.26,1.04,2.65%,242100
11/19/18,ARCB,40.0,40.06,37.885,39.22,-0.92,-2.29%,242825
11/12/18,ARCB,39.9,41.19,38.795,40.14,0.24,0.60%,250560
11/5/18,ARCB,41.99,42.38,39.15,39.9,-1.67,-4.02%,289280
10/29/18,ARCB,35.85,44.41,32.26,41.57,6.24,17.66%,476360
10/22/18,ARCB,38.32,38.86,33.63,35.33,-2.99,-7.80%,342040
10/15/18,ARCB,39.7,41.17,37.58,38.32,-1.41,-3.55%,262680
10/8/18,ARCB,42.09,43.92,39.11,39.73,-2.445,-5.80%,298560
10/1/18,ARCB,48.95,50.34,41.23,42.175,-6.375,-13.13%,365760
9/24/18,ARCB,46.5,50.3,46.25,48.55,2.0,4.30%,304200
9/17/18,ARCB,49.25,49.25,45.15,46.55,-2.7,-5.48%,353860
9/10/18,ARCB,48.9,51.45,48.575,49.25,0.65,1.34%,227020
9/3/18,ARCB,48.1,49.6,46.8,48.6,0.5,1.04%,202725
8/27/18,ARCB,47.85,49.25,47.15,48.1,0.85,1.80%,169680
8/20/18,ARCB,45.95,48.4,45.9,47.25,1.35,2.94%,182080
8/13/18,ARCB,47.1,47.1,44.05,45.9,-1.1,-2.34%,232100
8/6/18,ARCB,46.85,48.45,46.0,47.0,0.6,1.29%,231760
7/30/18,ARCB,44.65,48.75,41.7,46.4,2.0,4.50%,452280
7/23/18,ARCB,46.7,48.15,43.25,44.4,-2.3,-4.93%,328140
7/16/18,ARCB,44.65,47.2,42.725,46.7,2.2,4.94%,258980
7/9/18,ARCB,45.95,47.9,43.8,44.5,-1.25,-2.73%,262540
7/2/18,ARCB,45.4,46.775,44.35,45.75,0.05,0.11%,251525
6/25/18,ARCB,47.7,47.8,44.1,45.7,-2.1,-4.39%,275840
6/18/18,ARCB,47.6,49.2,45.7,47.8,-0.3,-0.62%,342080
6/11/18,ARCB,48.85,50.45,46.67,48.1,-0.8,-1.64%,315760
6/4/18,ARCB,48.25,49.65,45.7,48.9,0.9,1.88%,347580
5/28/18,ARCB,46.9,48.35,46.5,48.0,0.9,1.91%,394650
5/21/18,ARCB,48.25,49.85,46.8,47.1,-0.65,-1.36%,351260
5/14/18,ARCB,47.4,49.7,45.75,47.75,0.45,0.95%,529180
5/7/18,ARCB,33.95,48.7,33.65,47.3,13.5,39.94%,681940
4/30/18,ARCB,32.75,34.25,31.2,33.8,1.25,3.84%,157860
4/23/18,ARCB,33.85,34.45,31.55,32.55,-1.2,-3.56%,179760
4/16/18,ARCB,32.9,37.0,32.55,33.75,1.4,4.33%,331600
4/9/18,ARCB,32.3,33.65,31.85,32.35,0.4,1.25%,229140
4/2/18,ARCB,31.95,33.875,30.9,31.95,-0.1,-0.31%,245820
3/26/18,ARCB,33.65,33.75,31.0,32.05,-0.95,-2.88%,366000
3/19/18,ARCB,35.35,36.2,33.0,33.0,-2.5,-7.04%,155700
3/12/18,ARCB,35.35,36.05,32.5,35.5,0.1,0.28%,350260
3/5/18,ARCB,33.0,35.5,32.0,35.4,2.2,6.63%,225380
2/26/18,ARCB,33.3,34.45,32.35,33.2,0.15,0.45%,296180
2/19/18,ARCB,33.35,33.8,32.15,33.05,-0.4,-1.20%,321725
2/12/18,ARCB,32.75,34.675,31.8,33.45,1.0,3.08%,316140
2/5/18,ARCB,36.25,36.8,31.75,32.45,-4.025,-11.03%,448580
1/29/18,ARCB,38.5,38.84,33.3,36.475,-2.375,-6.11%,456920
1/22/18,ARCB,38.05,39.7,37.35,38.85,1.0,2.64%,245000
1/15/18,ARCB,37.3,38.25,35.8,37.85,0.85,2.30%,240925
1/8/18,ARCB,36.1,37.85,35.75,37.0,0.85,2.35%,526000
1/1/18,ARCB,35.55,37.6,35.55,36.15,0.4,1.12%,294500
12/25/17,ARCB,37.05,37.75,35.7,35.75,-1.3,-3.51%,170200
12/18/17,ARCB,36.45,37.15,35.85,37.05,0.95,2.63%,125040
12/11/17,ARCB,38.05,38.75,29.4,36.1,-1.95,-5.12%,312080
12/4/17,ARCB,37.65,38.6,36.1,38.05,1.15,3.12%,161020
11/27/17,ARCB,35.15,38.05,34.3,36.9,1.85,5.28%,226900
11/20/17,ARCB,32.25,35.6,31.65,35.05,2.7,8.35%,188575
11/13/17,ARCB,31.7,32.85,31.35,32.35,0.4,1.25%,260540
11/6/17,ARCB,33.0,34.45,31.35,31.95,-1.05,-3.18%,269720
10/30/17,ARCB,33.15,33.7,31.55,33.0,-0.4,-1.20%,247280
10/23/17,ARCB,32.45,33.4,31.45,33.4,0.95,2.93%,143240
10/16/17,ARCB,29.95,32.75,29.5,32.45,1.0,3.18%,249240
10/9/17,ARCB,32.55,33.1,31.35,31.45,-1.4,-4.26%,240240
10/2/17,ARCB,33.75,34.25,31.7,32.85,-0.6,-1.79%,326120
9/25/17,ARCB,30.65,33.85,30.2,33.45,2.75,8.96%,242140
9/18/17,ARCB,28.5,30.95,28.5,30.7,2.3,8.10%,194020
9/11/17,ARCB,30.5,30.7,27.9,28.4,-1.65,-5.49%,232440
9/4/17,ARCB,30.05,30.6,29.4,30.05,0.0,0.00%,302875
8/28/17,ARCB,26.0,30.25,25.86,30.05,4.1,15.80%,293120
8/21/17,ARCB,25.9,26.4,25.025,25.95,-0.05,-0.19%,206160
8/14/17,ARCB,26.5,27.35,25.35,26.0,-0.35,-1.33%,238600
8/7/17,ARCB,26.3,27.05,25.7,26.35,0.0,0.00%,230780
7/31/17,ARCB,27.25,28.075,24.85,26.35,-0.6,-2.23%,323840
7/24/17,ARCB,21.6,27.0,21.05,26.95,5.4,25.06%,315660
7/17/17,ARCB,22.25,22.4,21.45,21.55,-0.75,-3.36%,186700
7/10/17,ARCB,21.6,22.35,21.275,22.3,0.7,3.24%,243420
7/3/17,ARCB,20.75,21.65,20.4,21.6,1.0,4.85%,178800
6/26/17,ARCB,19.8,20.75,19.55,20.6,0.8,4.04%,133260
6/19/17,ARCB,20.05,20.85,19.1,19.8,-0.1,-0.50%,199540
6/12/17,ARCB,20.5,21.0,19.45,19.9,-0.55,-2.69%,284700
6/5/17,ARCB,19.4,20.8,19.0,20.45,0.95,4.87%,215500
5/29/17,ARCB,18.7,19.8,18.45,19.5,0.65,3.45%,195950
5/22/17,ARCB,18.1,19.95,17.7,18.85,0.85,4.72%,306300
5/15/17,ARCB,17.75,18.35,16.95,18.0,0.3,1.69%,394400
5/8/17,ARCB,19.6,19.95,17.45,17.7,-2.05,-10.38%,516000
5/1/17,ARCB,26.6,26.95,19.7,19.75,-6.7,-25.33%,350800
4/24/17,ARCB,26.35,27.4,26.3,26.45,0.8,3.12%,150220
4/17/17,ARCB,24.75,25.9,24.15,25.65,1.1,4.48%,187980
4/10/17,ARCB,25.05,26.4,24.1,24.55,-0.5,-2.00%,185150
4/3/17,ARCB,26.0,26.7,25.0,25.05,-0.95,-3.65%,231920
3/27/17,ARCB,24.9,26.55,24.55,26.0,0.7,2.77%,145620
3/20/17,ARCB,27.25,27.55,24.95,25.3,-2.1,-7.66%,156260
3/13/17,ARCB,27.35,28.2,26.7,27.4,0.0,0.00%,195620
3/6/17,ARCB,29.6,29.75,26.9,27.4,-2.55,-8.51%,162460
2/27/17,ARCB,29.35,30.95,28.05,29.95,0.45,1.53%,174160
2/20/17,ARCB,31.05,31.45,28.65,29.5,-1.5,-4.84%,167350
2/13/17,ARCB,31.65,32.05,30.55,31.0,-0.55,-1.74%,182960
2/6/17,ARCB,32.45,32.6,29.65,31.55,-1.0,-3.07%,279860
1/30/17,ARCB,31.6,32.7,30.85,32.55,0.55,1.72%,278160
1/23/17,ARCB,30.2,32.58,29.85,32.0,1.7,5.61%,217280
1/16/17,ARCB,31.1,31.5,30.1,30.3,-1.05,-3.35%,307350
1/9/17,ARCB,28.25,31.35,27.55,31.35,2.95,10.39%,377460
1/2/17,ARCB,28.25,29.6,27.92,28.4,0.75,2.71%,572550
11/8/21,SNX,114.96,115.72,111.99,112.29,-2.14,-1.87%,200547
11/1/21,SNX,105.01,115.58,105.01,114.43,9.43,8.98%,277540
10/25/21,SNX,104.74,106.235,101.56,105.0,0.0,0.00%,388680
10/18/21,SNX,105.1,109.01,103.45,105.0,-0.75,-0.71%,338540
10/11/21,SNX,105.24,107.43,102.02,105.75,0.45,0.43%,328400
10/4/21,SNX,105.82,108.53,103.76,105.3,-1.02,-0.96%,348120
9/27/21,SNX,111.16,113.74,100.035,106.32,-5.1,-4.58%,637280
9/20/21,SNX,112.5,114.07,110.485,111.42,-3.87,-3.36%,205480
9/13/21,SNX,118.94,120.62,114.94,115.29,-3.12,-2.63%,269540
9/6/21,SNX,126.52,128.04,118.2,118.41,-9.24,-7.24%,227200
8/30/21,SNX,129.21,130.93,125.6,127.65,-1.05,-0.82%,151500
8/23/21,SNX,126.58,129.84,124.4814,128.7,3.51,2.80%,127260
8/16/21,SNX,123.97,125.47,121.075,125.19,0.48,0.38%,96940
8/9/21,SNX,122.5,127.36,121.2,124.71,2.01,1.64%,136060
8/2/21,SNX,119.54,124.085,116.53,122.7,3.16,2.64%,175160
7/26/21,SNX,118.0,121.3399,115.484,119.54,2.43,2.07%,216320
7/19/21,SNX,109.47,117.46,108.38,117.11,5.51,4.94%,304660
7/12/21,SNX,119.45,120.08,111.4,111.6,-8.81,-7.32%,245200
7/5/21,SNX,120.63,120.81,113.785,120.41,-0.46,-0.38%,386900
6/28/21,SNX,123.16,124.14,120.51,120.87,-0.47,-0.39%,238620
6/21/21,SNX,118.8,121.69,116.31,121.34,3.73,3.17%,349500
6/14/21,SNX,129.49,130.55,116.48,117.61,-11.87,-9.17%,321660
6/7/21,SNX,127.85,129.69,125.7458,129.48,1.67,1.31%,196920
5/31/21,SNX,127.96,128.23,125.17,127.81,1.21,0.96%,181275
5/24/21,SNX,126.18,129.6399,124.52,126.6,3.79,3.09%,223660
5/17/21,SNX,119.98,125.085,117.61,122.81,1.84,1.52%,240840
5/10/21,SNX,123.67,123.865,114.0001,120.97,-2.53,-2.05%,299380
5/3/21,SNX,122.41,124.56,119.93,123.5,2.3,1.90%,283100
4/26/21,SNX,124.57,126.21,121.02,121.2,-3.0,-2.42%,257600
4/19/21,SNX,123.58,126.55,122.13,124.2,0.24,0.19%,372520
4/12/21,SNX,119.45,124.175,117.4601,123.96,3.97,3.31%,242680
4/5/21,SNX,117.76,121.4999,116.91,119.99,3.01,2.57%,382260
3/29/21,SNX,117.19,117.99,112.05,116.98,0.28,0.24%,306300
3/22/21,SNX,108.8,116.7,106.92,116.7,13.5,13.08%,777760
3/15/21,SNX,102.71,108.095,101.145,103.2,0.53,0.52%,447020
3/8/21,SNX,92.94,102.84,92.915,102.67,10.14,10.96%,269880
3/1/21,SNX,91.17,95.04,87.94,92.53,3.37,3.78%,249380
2/22/21,SNX,87.33,92.0,84.2201,89.16,0.75,0.85%,256800
2/15/21,SNX,90.99,90.99,86.14,88.41,-1.59,-1.77%,221325
2/8/21,SNX,87.93,91.52,87.02,90.0,2.37,2.70%,259120
2/1/21,SNX,82.86,88.5,82.5,87.63,6.01,7.36%,302420
1/25/21,SNX,89.7,89.97,80.36,81.62,-8.16,-9.09%,386540
1/18/21,SNX,88.12,91.62,88.0,89.78,2.26,2.58%,283500
1/11/21,SNX,86.51,91.4,82.56,87.52,0.62,0.71%,584880
1/4/21,SNX,82.23,89.865,79.05,86.9,5.46,6.70%,510740
12/28/20,SNX,83.46,84.39,80.45,81.44,-1.25,-1.51%,222175
12/21/20,SNX,80.94,82.91,79.45,82.69,0.51,0.62%,282850
12/14/20,SNX,81.3,85.38,78.55,82.18,1.57,1.95%,506720
12/7/20,SNX,80.88,82.4,77.16,80.61,-0.33,-0.41%,520500
11/30/20,SNX,66.3265,83.4,64.7061,80.94,14.4828,21.79%,1322593
11/23/20,SNX,62.8653,67.2408,62.7551,66.4572,4.1388,6.64%,596635
11/16/20,SNX,62.2041,65.0082,61.0041,62.3184,0.551,0.89%,763419
11/9/20,SNX,63.8531,64.0816,59.3857,61.7674,1.5715,2.61%,617595
11/2/20,SNX,54.2857,61.2123,54.2857,60.1959,6.4653,12.03%,616076
10/26/20,SNX,58.3469,58.7469,52.6531,53.7306,-5.6082,-9.45%,658559
10/19/20,SNX,60.8939,61.8653,58.2082,59.3388,-1.4041,-2.31%,589910
10/12/20,SNX,61.7878,61.8327,58.1429,60.7429,-0.5877,-0.96%,667575
10/5/20,SNX,60.8653,63.8204,60.5265,61.3306,1.0694,1.77%,942612
9/28/20,SNX,52.8898,60.7102,52.7878,60.2612,8.0163,15.34%,1976414
9/21/20,SNX,52.8776,54.6286,50.4898,52.2449,-1.9959,-3.68%,1083928
9/14/20,SNX,51.2612,55.1306,51.2041,54.2408,3.5796,7.07%,1088338
9/7/20,SNX,50.0204,52.0204,50.0204,50.6612,-0.4286,-0.84%,721769
8/31/20,SNX,52.2612,54.5061,50.1102,51.0898,-1.1714,-2.24%,771504
8/24/20,SNX,51.1633,52.5959,51.1633,52.2612,1.5632,3.08%,521163
8/17/20,SNX,52.0163,52.6612,50.1265,50.698,-0.8571,-1.66%,563842
8/10/20,SNX,52.5143,54.1469,51.3755,51.5551,-0.951,-1.81%,682716
8/3/20,SNX,51.1796,53.5021,50.9306,52.5061,1.5918,3.13%,565606
7/27/20,SNX,49.6082,51.2204,49.3265,50.9143,1.2286,2.47%,571535
7/20/20,SNX,49.5796,51.3898,49.2449,49.6857,-0.151,-0.30%,765085
7/13/20,SNX,49.9143,50.7143,47.5776,49.8367,0.3224,0.65%,830941
7/6/20,SNX,48.7469,49.7878,47.0204,49.5143,1.7429,3.65%,1233672
6/29/20,SNX,48.0408,49.3674,46.751,47.7714,0.2285,0.48%,1710221
6/22/20,SNX,41.2898,48.551,40.596,47.5429,5.9919,14.42%,2634141
6/15/20,SNX,39.0735,42.8694,38.6408,41.551,0.8081,1.98%,1035418
6/8/20,SNX,47.2776,48.6327,39.4763,40.7429,-6.0571,-12.94%,1004744
6/1/20,SNX,43.6,48.3714,43.3469,46.8,3.2694,7.51%,998374
5/25/20,SNX,43.2204,45.8816,42.6388,43.5306,2.4735,6.02%,755211
5/18/20,SNX,38.8286,42.2449,38.2082,41.0571,3.7306,9.99%,917720
5/11/20,SNX,36.5592,38.7306,34.1429,37.3265,0.0449,0.12%,1091572
5/4/20,SNX,34.449,37.3633,34.2857,37.2816,2.2571,6.44%,885478
4/27/20,SNX,31.7306,36.0449,31.4449,35.0245,3.9184,12.60%,1166738
4/20/20,SNX,31.1265,31.6245,28.649,31.1061,-0.8368,-2.62%,900668
4/13/20,SNX,34.9184,35.1959,29.9306,31.9429,-2.9142,-8.36%,1032527
4/6/20,SNX,29.1959,36.151,28.6939,34.8571,7.253,26.28%,1132817
3/30/20,SNX,29.3755,31.8367,27.2041,27.6041,-1.7184,-5.86%,1526643
3/23/20,SNX,30.8857,33.8408,28.6245,29.3225,-1.2489,-4.09%,1762088
3/16/20,SNX,35.102,35.102,21.249,30.5714,-7.1266,-18.90%,1405858
3/9/20,SNX,46.5306,46.5306,33.7347,37.698,-12.1428,-24.36%,979215
3/2/20,SNX,51.6408,54.298,49.0408,49.8408,-1.1919,-2.34%,743427
2/24/20,SNX,55.8572,56.5429,49.3878,51.0327,-6.8245,-11.80%,1132389
2/17/20,SNX,57.9959,59.3306,57.3959,57.8572,-0.2734,-0.47%,590020
2/10/20,SNX,56.1714,59.1225,56.0082,58.1306,1.6367,2.90%,763958
2/3/20,SNX,56.6776,58.6245,56.351,56.4939,0.2653,0.47%,708490
1/27/20,SNX,56.9347,57.8041,55.5633,56.2286,-2.049,-3.52%,931587
1/20/20,SNX,59.5225,60.4327,57.8694,58.2776,-1.6653,-2.78%,969280
1/13/20,SNX,59.9184,62.4775,59.551,59.9429,0.5306,0.89%,1352742
1/6/20,SNX,52.2816,60.6653,51.4572,59.4123,6.4939,12.27%,1769291
12/30/19,SNX,52.6327,53.2449,52.0245,52.9184,0.2694,0.51%,519031
12/23/19,SNX,52.8082,53.2367,52.4449,52.649,-0.1633,-0.31%,377360
12/16/19,SNX,51.9184,53.4531,51.6612,52.8123,0.9307,1.79%,900178
12/9/19,SNX,51.0204,53.0,50.8286,51.8816,0.5469,1.07%,722308
12/2/19,SNX,50.1347,51.8327,49.0204,51.3347,1.2082,2.41%,708980
11/25/19,SNX,49.4939,50.9061,49.4265,50.1265,0.7836,1.59%,701862
11/18/19,SNX,49.3878,49.6245,48.0571,49.3429,-0.1469,-0.30%,889692
11/11/19,SNX,48.2531,49.5469,47.1388,49.4898,0.8286,1.70%,887340
11/4/19,SNX,48.7918,49.9714,48.298,48.6612,0.3551,0.74%,649739
10/28/19,SNX,48.6245,49.1714,47.702,48.3061,-0.0776,-0.16%,519546
10/21/19,SNX,48.0776,48.702,47.5315,48.3837,0.7429,1.56%,558109
10/14/19,SNX,46.3061,48.3143,45.9755,47.6408,1.2041,2.59%,931489
10/7/19,SNX,45.5143,47.2327,45.249,46.4367,0.8081,1.77%,621466
9/30/19,SNX,46.151,47.1674,44.2082,45.6286,-0.2939,-0.64%,871464
9/23/19,SNX,39.7388,46.9019,39.0245,45.9225,5.9511,14.89%,2060743
9/16/19,SNX,39.4531,40.1674,38.5837,39.9714,0.2489,0.63%,1022237
9/9/19,SNX,37.2041,40.2776,36.7306,39.7225,2.747,7.43%,653218
9/2/19,SNX,33.7551,37.3551,33.3102,36.9755,2.7673,8.09%,676076
8/26/19,SNX,34.449,34.7306,32.351,34.2082,0.2327,0.68%,566439
8/19/19,SNX,34.6123,35.4061,33.8612,33.9755,0.1265,0.37%,640086
8/12/19,SNX,34.2816,35.3061,32.0606,33.849,-0.7837,-2.26%,637538
8/5/19,SNX,35.9429,36.0327,33.8408,34.6327,-2.4449,-6.59%,804334
7/29/19,SNX,40.8776,41.3674,37.0531,37.0776,-3.7183,-9.11%,753080
7/22/19,SNX,39.1837,41.0286,39.1265,40.7959,1.8653,4.79%,746955
7/15/19,SNX,39.3755,39.698,38.3061,38.9306,-0.2776,-0.71%,752345
7/8/19,SNX,41.3959,41.6735,38.151,39.2082,-2.4326,-5.84%,969709
7/1/19,SNX,41.2898,41.7347,40.1714,41.6408,1.4775,3.68%,1413342
6/24/19,SNX,38.5388,42.2816,37.502,40.1633,1.8123,4.73%,4025643
6/17/19,SNX,37.8449,39.2388,37.4449,38.351,0.6041,1.60%,891162
6/10/19,SNX,36.7429,38.9204,36.6507,37.7469,1.3428,3.69%,750189
6/3/19,SNX,35.3959,37.5465,35.2245,36.4041,1.0123,2.86%,672475
5/27/19,SNX,38.6163,38.6857,35.2694,35.3918,-3.1592,-8.19%,703394
5/20/19,SNX,39.249,39.751,37.9265,38.551,-1.1796,-2.97%,605933
5/13/19,SNX,41.3837,41.5469,39.7184,39.7306,-2.7959,-6.57%,614116
5/6/19,SNX,43.3388,44.7429,41.249,42.5265,-1.9184,-4.32%,729462
4/29/19,SNX,43.8041,44.7143,42.9633,44.4449,0.8163,1.87%,609020
4/22/19,SNX,43.6,44.4,42.6612,43.6286,-0.1551,-0.35%,427769
4/15/19,SNX,43.9959,44.3184,43.3336,43.7837,-0.0245,-0.06%,591429
4/8/19,SNX,42.1469,43.9102,41.6857,43.8082,1.4817,3.50%,658804
4/1/19,SNX,39.3633,42.4327,39.2898,42.3265,3.3918,8.71%,727110
3/25/19,SNX,37.1551,39.1714,36.7837,38.9347,1.6449,4.41%,1159241
3/18/19,SNX,38.898,39.6327,37.2694,37.2898,-1.5429,-3.97%,704717
3/11/19,SNX,37.7674,39.4939,37.7674,38.8327,1.1715,3.11%,902383
3/4/19,SNX,40.4367,40.7367,37.0857,37.6612,-2.7225,-6.74%,716918
2/25/19,SNX,41.751,42.1714,39.9265,40.3837,-1.0816,-2.61%,719515
2/18/19,SNX,41.2572,41.8286,40.7837,41.4653,-0.0041,-0.01%,888124
2/11/19,SNX,40.1592,41.5551,39.7878,41.4694,1.4939,3.74%,702022
2/4/19,SNX,39.7388,40.7061,39.4204,39.9755,0.3306,0.83%,692173
1/28/19,SNX,39.8612,40.0694,38.6449,39.6449,0.449,1.15%,1038897
1/21/19,SNX,37.2041,39.5347,36.6776,39.1959,1.8081,4.84%,1004560
1/14/19,SNX,39.551,39.5918,35.702,37.3878,-2.4,-6.03%,1974356
1/7/19,SNX,33.5061,40.7143,32.8857,39.7878,6.3551,19.01%,1896495
12/31/18,SNX,32.8408,33.6,31.3878,33.4327,0.7592,2.32%,976997
12/24/18,SNX,30.6612,33.2551,29.698,32.6735,1.6572,5.34%,1085777
12/17/18,SNX,32.5633,33.702,30.8122,31.0163,-1.5347,-4.71%,1903992
12/10/18,SNX,32.3143,34.4898,31.4286,32.551,1.6979,5.50%,1607395
12/3/18,SNX,33.5225,34.1184,30.6122,30.8531,-2.102,-6.38%,1631699
11/26/18,SNX,31.5265,33.0082,29.3163,32.9551,1.8326,5.89%,1062221
11/19/18,SNX,32.0204,32.3347,30.1347,31.1225,-1.0163,-3.16%,626586
11/12/18,SNX,32.0612,33.0408,30.7551,32.1388,-0.0816,-0.25%,802080
11/5/18,SNX,33.3755,34.1674,31.8347,32.2204,-1.1878,-3.56%,739458
10/29/18,SNX,32.1388,33.7918,30.4123,33.4082,1.8939,6.01%,1233868
10/22/18,SNX,32.2449,33.6082,31.102,31.5143,-0.5347,-1.67%,1575937
10/15/18,SNX,30.2367,32.3551,30.2367,32.049,1.6694,5.50%,1496655
10/8/18,SNX,36.2857,36.602,29.7265,30.3796,-6.0041,-16.50%,2024728
10/1/18,SNX,34.7347,36.9878,33.2327,36.3837,1.8123,5.24%,2458770
9/24/18,SNX,37.9102,37.9714,34.4674,34.5714,-3.4204,-9.00%,999305
9/17/18,SNX,39.1918,39.3571,37.6408,37.9918,-1.1715,-2.99%,781255
9/10/18,SNX,39.2694,39.4041,38.2735,39.1633,0.2327,0.60%,681589
9/3/18,SNX,39.3633,39.4122,38.3265,38.9306,-0.649,-1.64%,571155
8/27/18,SNX,39.5061,41.1878,39.4694,39.5796,0.1633,0.41%,816486
8/20/18,SNX,39.7755,39.9551,38.9388,39.4163,-0.3021,-0.76%,426740
8/13/18,SNX,38.6776,39.8449,38.2857,39.7184,1.0123,2.62%,565165
8/6/18,SNX,39.0653,39.9714,38.4735,38.7061,-0.4,-1.02%,607991
7/30/18,SNX,38.5265,39.9388,38.3714,39.1061,0.5796,1.50%,789536
7/23/18,SNX,40.1592,40.498,38.3878,38.5265,-1.7184,-4.27%,768074
7/16/18,SNX,40.9837,41.1878,40.0041,40.2449,-0.7633,-1.86%,764399
7/9/18,SNX,42.1633,42.5592,40.5347,41.0082,-1.1673,-2.77%,663900
7/2/18,SNX,39.098,42.751,38.9747,42.1755,2.7837,7.07%,1157562
6/25/18,SNX,45.0245,45.6082,39.2041,39.3918,-5.6817,-12.61%,1551633
6/18/18,SNX,47.0735,47.2653,44.9163,45.0735,-2.3918,-5.04%,586627
6/11/18,SNX,45.7143,47.5388,45.351,47.4653,1.6408,3.58%,586480
6/4/18,SNX,44.4857,45.849,44.2449,45.8245,1.5918,3.60%,264060
5/28/18,SNX,43.698,45.0857,43.4857,44.2327,0.1102,0.25%,349185
5/21/18,SNX,44.8776,45.1633,43.749,44.1225,-0.4163,-0.93%,363530
5/14/18,SNX,44.9551,45.9633,44.3388,44.5388,-0.3592,-0.80%,585010
5/7/18,SNX,43.4776,44.9225,42.9674,44.898,1.6613,3.84%,585696
4/30/18,SNX,41.5837,43.5204,40.6,43.2367,2.5142,6.17%,628375
4/23/18,SNX,42.5184,43.049,40.5612,40.7225,-1.5224,-3.60%,539489
4/16/18,SNX,42.4245,42.9592,41.8571,42.2449,0.1347,0.32%,673602
4/9/18,SNX,39.2653,42.9469,38.3143,42.1102,3.2082,8.25%,808695
4/2/18,SNX,42.0449,42.298,38.502,38.902,-9.4245,-19.50%,1498517
3/26/18,SNX,47.2898,48.902,45.9918,48.3265,1.8857,4.06%,711724
3/19/18,SNX,51.1796,51.1837,46.4163,46.4408,-5.0653,-9.83%,398565
3/12/18,SNX,49.6776,51.8327,49.0163,51.5061,1.7387,3.49%,531502
3/5/18,SNX,50.4327,52.3755,46.6,49.7674,-0.9183,-1.81%,1130674
2/26/18,SNX,51.3061,52.6571,49.1184,50.6857,-0.4572,-0.89%,544487
2/19/18,SNX,48.849,51.4388,48.849,51.1429,1.9062,3.87%,453677
2/12/18,SNX,46.2163,49.6163,46.0123,49.2367,3.1428,6.82%,543605
2/5/18,SNX,48.3755,49.2714,44.8776,46.0939,-2.7837,-5.70%,810557
1/29/18,SNX,50.1755,51.4204,48.7837,48.8776,-1.3387,-2.67%,823248
1/22/18,SNX,55.3306,55.4163,49.6204,50.2163,-4.9674,-9.00%,912771
1/15/18,SNX,56.7633,56.9143,54.2306,55.1837,-1.1306,-2.01%,671972
1/8/18,SNX,56.8123,57.6633,53.4021,56.3143,-0.4367,-0.77%,859900
1/1/18,SNX,55.7674,57.9347,55.3939,56.751,1.2612,2.27%,581751
12/25/17,SNX,55.551,56.2041,55.0041,55.4898,-0.2694,-0.48%,241140
12/18/17,SNX,54.8286,56.3592,54.2367,55.7592,1.4694,2.71%,242843
12/11/17,SNX,53.6857,54.8449,53.0776,54.2898,0.6449,1.20%,427524
12/4/17,SNX,55.3551,55.3551,53.2,53.6449,-1.1306,-2.06%,441244
11/27/17,SNX,53.551,56.2449,53.0898,54.7755,1.1061,2.06%,446781
11/20/17,SNX,53.7674,54.2612,52.9143,53.6694,-0.0041,-0.01%,275930
11/13/17,SNX,52.8776,54.1265,52.0612,53.6735,0.4653,0.87%,495291
11/6/17,SNX,52.9306,53.9796,52.1592,53.2082,0.1388,0.26%,472114
10/30/17,SNX,54.6694,55.4571,52.9469,53.0694,-1.6612,-3.04%,521849
10/23/17,SNX,53.4776,54.9837,52.7959,54.7306,1.1347,2.12%,415078
10/16/17,SNX,54.5265,54.902,52.8327,53.5959,-0.6,-1.11%,405915
10/9/17,SNX,53.0816,54.4653,52.8653,54.1959,1.1592,2.19%,432473
10/2/17,SNX,51.8735,53.5755,51.6816,53.0367,1.4,2.71%,550563
9/25/17,SNX,47.4939,52.6041,46.9469,51.6367,4.2489,8.97%,1093630
9/18/17,SNX,47.9469,48.6367,46.3796,47.3878,-0.0204,-0.04%,498182
9/11/17,SNX,45.8408,47.5469,45.5918,47.4082,1.9592,4.31%,386364
9/4/17,SNX,46.7061,46.7837,44.9061,45.449,-1.4408,-3.07%,610967
8/28/17,SNX,47.6367,48.9796,46.2939,46.8898,-0.6327,-1.33%,301545
8/21/17,SNX,46.5633,48.0449,46.0531,47.5225,0.8286,1.77%,306886
8/14/17,SNX,47.898,48.8041,46.6327,46.6939,-0.7714,-1.63%,241765
8/7/17,SNX,48.302,49.3,47.0082,47.4653,-0.7959,-1.65%,300222
7/31/17,SNX,48.9388,49.3959,48.0102,48.2612,-0.7388,-1.51%,538460
7/24/17,SNX,48.9674,49.6816,48.5265,49.0,0.0939,0.19%,409394
7/17/17,SNX,49.3102,49.7633,48.6286,48.9061,-0.3755,-0.76%,529934
7/10/17,SNX,49.2653,49.6408,48.249,49.2816,0.0163,0.03%,589763
7/3/17,SNX,49.0286,49.4449,47.9143,49.2653,0.302,0.62%,409577
6/26/17,SNX,52.8857,53.6123,48.649,48.9633,-3.4326,-6.55%,663606
6/19/17,SNX,48.3714,52.751,48.0857,52.3959,4.1306,8.56%,1089171
6/12/17,SNX,48.6327,48.8082,47.3551,48.2653,-0.4694,-0.96%,604218
6/5/17,SNX,45.9265,49.3755,44.1755,48.7347,2.7347,5.95%,594908
5/29/17,SNX,45.1551,46.6327,44.6776,46.0,0.7388,1.63%,368479
5/22/17,SNX,44.4898,46.351,44.3306,45.2612,0.8204,1.85%,440656
5/15/17,SNX,44.4776,45.1184,42.8367,44.4408,0.0326,0.07%,433061
5/8/17,SNX,44.4123,45.298,43.951,44.4082,-0.1102,-0.25%,363628
5/1/17,SNX,44.3184,44.9265,43.7633,44.5184,0.2612,0.59%,349663
4/24/17,SNX,44.0939,45.5551,44.0571,44.2572,0.7021,1.61%,445115
4/17/17,SNX,43.4286,44.0123,43.0,43.5551,0.4286,0.99%,573544
4/10/17,SNX,42.5837,44.5633,41.4204,43.1265,0.4816,1.13%,965176
4/3/17,SNX,45.7347,45.8653,41.9306,42.6449,-3.0449,-6.66%,627101
3/27/17,SNX,47.3469,48.4367,44.4898,45.6898,-2.0408,-4.28%,700601
3/20/17,SNX,48.9755,49.0612,46.6408,47.7306,-1.2082,-2.47%,342803
3/13/17,SNX,47.649,49.698,47.2735,48.9388,1.2041,2.52%,383620
3/6/17,SNX,48.0776,48.3429,47.3061,47.7347,-0.6122,-1.27%,236767
2/27/17,SNX,48.5225,49.3755,47.6286,48.3469,-0.2613,-0.54%,341284
2/20/17,SNX,48.4531,49.0816,47.9755,48.6082,0.2939,0.61%,348266
2/13/17,SNX,48.6327,48.8898,47.8694,48.3143,0.049,0.10%,282631
2/6/17,SNX,48.9347,49.0204,47.7429,48.2653,-0.8694,-1.77%,502543
1/30/17,SNX,48.7469,49.5469,48.0163,49.1347,0.1061,0.22%,409394
1/23/17,SNX,49.4163,50.2653,48.4776,49.0286,-0.449,-0.91%,380288
1/16/17,SNX,51.249,51.249,49.098,49.4776,-1.7347,-3.39%,510824
1/9/17,SNX,49.5184,52.751,48.7429,51.2123,1.5511,3.12%,1053940
1/2/17,SNX,49.8449,50.8163,48.9306,49.6612,0.2653,0.54%,559762
11/8/21,IP,49.14,49.595,48.84,49.34,0.47,0.96%,3276040
11/1/21,IP,48.86,50.2,48.52,48.87,-0.8,-1.61%,3323520
10/25/21,IP,53.13,53.51,49.51,49.67,-3.36,-6.34%,3384020
10/18/21,IP,52.98,53.96,51.73,53.03,-0.25,-0.47%,2854460
10/11/21,IP,54.75,56.569,52.58,53.28,-1.11,-2.04%,3352920
10/4/21,IP,53.01,54.82,53.01,54.39,1.13,2.12%,2217060
9/27/21,IP,56.8,57.86,52.44,53.26,-3.71,-6.51%,2185140
9/20/21,IP,55.51,57.7,54.8,56.97,0.37,0.65%,2018260
9/13/21,IP,58.77,59.13,56.32,56.6,-1.75,-3.00%,2598900
9/6/21,IP,59.47,59.629,58.21,58.35,-1.57,-2.62%,2092625
8/30/21,IP,60.31,60.3892,59.28,59.92,-0.21,-0.35%,1793340
8/23/21,IP,59.06,60.325,58.16,60.13,1.37,2.33%,1479160
8/16/21,IP,58.94,59.69,57.65,58.76,-0.46,-0.78%,1778500
8/9/21,IP,57.89,60.33,57.7,59.22,1.33,2.30%,2672340
8/2/21,IP,57.96,59.12,57.2,57.89,0.13,0.23%,1908180
7/26/21,IP,58.1,59.21,56.75,57.76,-0.32,-0.55%,2724560
7/19/21,IP,58.2,59.15,57.12,58.08,-1.05,-1.78%,2155000
7/12/21,IP,61.76,62.48,59.04,59.13,-3.11,-5.00%,2376780
7/5/21,IP,61.22,62.7,59.78,62.24,0.92,1.50%,2234050
6/28/21,IP,61.09,62.0,60.39,61.32,0.64,1.05%,1861540
6/21/21,IP,59.85,61.51,59.75,60.68,1.45,2.45%,1840200
6/14/21,IP,63.76,63.95,59.03,59.23,-4.42,-6.94%,3227700
6/7/21,IP,64.89,64.99,62.77,63.65,-1.0,-1.55%,2135080
5/31/21,IP,64.14,65.27,62.99,64.65,1.55,2.46%,2228950
5/24/21,IP,64.14,64.89,62.45,63.1,-0.43,-0.68%,4093160
5/17/21,IP,62.52,64.62,61.74,63.53,0.88,1.40%,3313520
5/10/21,IP,62.2,63.12,60.56,62.65,1.01,1.64%,2487820
5/3/21,IP,58.41,61.79,58.3,61.64,3.64,6.28%,2025080
4/26/21,IP,56.96,58.95,56.065,58.0,1.22,2.15%,2767600
4/19/21,IP,57.59,57.67,55.77,56.78,-0.59,-1.03%,2106580
4/12/21,IP,55.05,57.5829,54.64,57.37,2.43,4.42%,2556180
4/5/21,IP,54.95,55.76,53.9478,54.94,0.65,1.20%,2171640
3/29/21,IP,55.0,55.5,53.33,54.29,-0.82,-1.49%,2630550
3/22/21,IP,52.96,55.17,51.23,55.11,1.53,2.86%,3001420
3/15/21,IP,54.01,55.07,52.21,53.58,-0.44,-0.81%,4230740
3/8/21,IP,53.96,56.98,53.64,54.02,-0.13,-0.24%,4148920
3/1/21,IP,50.3,54.33,50.16,54.15,4.5,9.06%,3767420
2/22/21,IP,48.93,51.48,48.5,49.65,0.7,1.43%,2890640
2/15/21,IP,49.38,49.5557,47.78,48.95,-0.23,-0.47%,2730625
2/8/21,IP,47.4,49.62,46.99,49.18,2.15,4.57%,2870140
2/1/21,IP,50.94,51.1699,46.48,47.03,-3.28,-6.52%,4498520
1/25/21,IP,52.0,52.97,48.92,50.31,-1.32,-2.56%,3584680
1/18/21,IP,50.84,52.18,50.32,51.63,1.38,2.75%,2720650
1/11/21,IP,50.9,52.93,48.88,50.25,-1.23,-2.39%,2732220
1/4/21,IP,49.64,53.39,48.135,51.48,1.76,3.54%,2606480
12/28/20,IP,50.01,50.1147,48.81,49.72,-0.04,-0.08%,1252200
12/21/20,IP,49.13,49.985,48.33,49.76,-0.22,-0.44%,2099875
12/14/20,IP,49.33,50.12,48.0,49.98,1.35,2.78%,2926420
12/7/20,IP,48.91,49.77,47.95,48.63,-0.24,-0.49%,2375760
11/30/20,IP,50.52,50.6204,47.89,48.87,-1.82,-3.59%,3253840
11/23/20,IP,50.13,51.99,49.8,50.69,1.26,2.55%,2230350
11/16/20,IP,49.42,50.61,48.51,49.43,1.54,3.22%,3899860
11/9/20,IP,48.96,50.33,46.4,47.89,1.4,3.01%,3045840
11/2/20,IP,44.54,47.52,44.05,46.49,2.74,6.26%,2506420
10/26/20,IP,45.69,46.0548,42.4803,43.75,-2.65,-5.71%,2851900
10/19/20,IP,46.77,47.31,46.05,46.4,-0.14,-0.30%,2429200
10/12/20,IP,43.94,46.81,43.36,46.54,3.87,9.07%,3767660
10/5/20,IP,41.05,44.2,40.63,42.67,2.19,5.41%,2923980
9/28/20,IP,41.51,41.76,39.1501,40.48,-0.68,-1.65%,2839340
9/21/20,IP,41.11,41.51,38.38,41.16,-0.89,-2.12%,3184460
9/14/20,IP,39.37,43.1,39.27,42.05,3.13,8.04%,4391600
9/7/20,IP,38.88,39.14,37.265,38.92,-0.11,-0.28%,3094450
8/31/20,IP,36.92,39.54,35.93,39.03,2.1,5.69%,3888140
8/24/20,IP,35.76,37.53,35.71,36.93,1.75,4.97%,1987620
8/17/20,IP,37.29,37.29,34.81,35.18,-2.09,-5.61%,1884940
8/10/20,IP,35.67,38.33,35.535,37.27,1.78,5.02%,2938060
8/3/20,IP,35.22,36.09,33.92,35.49,0.7,2.01%,3415560
7/27/20,IP,36.26,37.64,34.35,34.79,-1.53,-4.21%,3116340
7/20/20,IP,36.64,37.07,36.12,36.32,-0.6,-1.63%,1657560
7/13/20,IP,34.6,37.675,34.25,36.92,2.38,6.89%,2927980
7/6/20,IP,36.22,36.48,32.94,34.54,-0.81,-2.29%,2727560
6/29/20,IP,34.31,35.8,34.23,35.35,1.55,4.59%,2369425
6/22/20,IP,34.6,35.16,32.59,33.8,-1.06,-3.04%,2809200
6/15/20,IP,33.72,36.81,33.39,34.86,-0.06,-0.17%,3958140
6/8/20,IP,39.2,39.8,33.615,34.92,-4.11,-10.53%,2523320
6/1/20,IP,34.07,40.24,34.039,39.03,4.98,14.63%,2782200
5/25/20,IP,32.98,36.14,32.71,34.05,1.41,4.32%,3621425
5/18/20,IP,32.28,33.65,31.7,32.64,1.59,5.12%,2574660
5/11/20,IP,33.71,33.81,29.76,31.05,-3.3,-9.61%,2531440
5/4/20,IP,33.5,34.39,32.14,34.35,0.44,1.30%,2864780
4/27/20,IP,31.32,37.35,31.3,33.91,2.78,8.93%,4852480
4/20/20,IP,31.52,31.555,29.83,31.13,-0.72,-2.26%,3376480
4/13/20,IP,34.13,34.88,29.95,31.85,-2.32,-6.79%,4573420
4/6/20,IP,30.87,34.9,30.6,34.17,4.8,16.34%,4645800
3/30/20,IP,30.64,31.62,29.16,29.37,-1.25,-4.08%,3783060
3/23/20,IP,28.93,31.58,26.38,30.62,1.11,3.76%,5184300
3/16/20,IP,28.78,33.53,28.2,29.51,-3.93,-11.75%,4939220
3/9/20,IP,33.25,34.25,28.61,33.44,-2.27,-6.36%,4917320
3/2/20,IP,37.25,39.11,34.87,35.71,-1.25,-3.38%,3808560
2/24/20,IP,41.85,41.99,35.6,36.96,-6.31,-14.58%,3815340
2/17/20,IP,43.05,43.56,42.1801,43.27,0.08,0.19%,2218225
2/10/20,IP,43.44,44.98,42.99,43.19,-0.37,-0.85%,1827400
2/3/20,IP,41.0,44.47,40.73,43.56,2.84,6.97%,3199940
1/27/20,IP,42.76,43.83,40.04,40.72,-2.81,-6.46%,3903120
1/20/20,IP,44.56,44.9,43.31,43.53,-2.22,-4.85%,2336975
1/13/20,IP,44.15,45.96,43.98,45.75,1.76,4.00%,2386780
1/6/20,IP,44.54,44.69,43.25,43.99,-0.73,-1.63%,2489440
12/30/19,IP,45.9,46.55,44.7,44.72,-1.17,-2.55%,2205400
12/23/19,IP,46.09,46.48,45.77,45.89,-0.25,-0.54%,1464675
12/16/19,IP,46.84,46.92,45.8,46.14,-0.22,-0.47%,4890640
12/9/19,IP,47.26,47.64,45.8,46.36,-0.9,-1.90%,3644760
12/2/19,IP,46.68,47.46,45.14,47.26,0.92,1.99%,2492380
11/25/19,IP,45.15,46.66,45.12,46.34,1.22,2.70%,1802925
11/18/19,IP,45.67,46.14,44.63,45.12,-0.53,-1.16%,2341740
11/11/19,IP,45.95,46.57,45.07,45.65,-0.56,-1.21%,2092600
11/4/19,IP,43.96,46.33,43.73,46.21,2.25,5.12%,2618920
10/28/19,IP,43.25,44.28,41.97,43.96,0.96,2.23%,2890520
10/21/19,IP,42.66,43.545,41.85,43.0,0.74,1.75%,2405780
10/14/19,IP,41.41,42.51,40.82,42.26,0.7,1.68%,2542040
10/7/19,IP,39.15,42.06,38.33,41.56,2.38,6.07%,2903120
9/30/19,IP,41.66,42.24,38.57,39.18,-2.48,-5.95%,2979080
9/23/19,IP,40.24,41.87,40.11,41.66,0.96,2.36%,3064120
9/16/19,IP,42.32,42.64,40.43,40.7,-2.08,-4.86%,4009520
9/9/19,IP,39.9,43.46,39.76,42.78,3.35,8.50%,4638000
9/2/19,IP,38.5,39.58,37.96,39.43,0.33,0.84%,3982425
8/26/19,IP,37.73,39.38,36.45,39.1,1.67,4.46%,3034120
8/19/19,IP,39.43,39.52,37.25,37.43,-1.56,-4.00%,2646800
8/12/19,IP,39.64,40.51,38.13,38.99,-0.86,-2.16%,3641480
8/5/19,IP,41.54,41.75,39.13,39.85,-2.29,-5.43%,4106860
7/29/19,IP,45.3,45.53,41.57,42.14,-3.16,-6.98%,2838840
7/22/19,IP,43.41,46.17,42.51,45.3,2.06,4.76%,3905700
7/15/19,IP,42.0,43.46,41.84,43.24,0.47,1.10%,3419520
7/8/19,IP,43.58,44.21,42.18,42.77,-1.1,-2.51%,2804380
7/1/19,IP,43.8,44.17,43.21,43.87,0.55,1.27%,2484625
6/24/19,IP,42.72,43.63,41.8,43.32,-0.29,-0.66%,3171140
6/17/19,IP,42.84,44.08,42.22,43.61,0.62,1.44%,3602880
6/10/19,IP,45.17,45.25,42.65,42.99,-1.98,-4.40%,3499260
6/3/19,IP,41.48,45.265,41.34,44.97,3.5,8.44%,3564120
5/27/19,IP,42.7,42.86,40.87,41.47,-1.3,-3.04%,2919375
5/20/19,IP,43.94,45.32,42.7,42.77,-2.3,-5.10%,3418140
5/13/19,IP,44.82,45.895,43.74,45.07,-0.58,-1.27%,2732800
5/6/19,IP,46.21,46.77,44.67,45.65,-1.45,-3.08%,2258760
4/29/19,IP,46.15,47.465,45.8,47.1,1.11,2.41%,2797780
4/22/19,IP,45.08,46.47,43.7701,45.99,1.56,3.51%,3476620
4/15/19,IP,47.68,47.93,43.68,44.43,-3.33,-6.97%,4708450
4/8/19,IP,47.37,47.96,46.51,47.76,0.39,0.82%,1865740
4/1/19,IP,46.51,47.96,46.17,47.37,1.1,2.38%,2664980
3/25/19,IP,43.97,46.5,43.72,46.27,1.87,4.21%,2158000
3/18/19,IP,45.63,46.99,44.36,44.4,-1.11,-2.44%,3085480
3/11/19,IP,46.0,47.72,45.28,45.51,-0.26,-0.57%,4153660
3/4/19,IP,46.45,46.55,45.11,45.77,-0.47,-1.02%,2179240
2/25/19,IP,47.21,47.98,45.62,46.24,-0.5,-1.07%,2659020
2/18/19,IP,47.15,48.24,46.34,46.74,-0.41,-0.87%,3322750
2/11/19,IP,46.15,47.45,45.37,47.15,1.16,2.52%,2624860
2/4/19,IP,46.26,47.42,45.505,45.99,-0.35,-0.76%,2306700
1/28/19,IP,46.64,48.02,46.18,46.34,-0.63,-1.34%,3310760
1/21/19,IP,45.5,47.52,45.26,46.97,1.29,2.82%,2693500
1/14/19,IP,44.85,46.14,43.9,45.68,0.44,0.97%,2342520
1/7/19,IP,42.26,45.265,41.975,45.24,2.98,7.05%,4290020
12/31/18,IP,40.01,42.45,39.21,42.26,2.45,6.15%,3217850
12/24/18,IP,39.03,40.95,37.55,39.81,0.69,1.76%,3375250
12/17/18,IP,42.5,42.73,39.01,39.12,-4.32,-9.94%,4624600
12/10/18,IP,44.76,45.4,42.68,43.44,-1.32,-2.95%,3185840
12/3/18,IP,47.05,47.68,44.0,44.76,-1.43,-3.10%,4162925
11/26/18,IP,45.4,46.59,43.97,46.19,1.28,2.85%,4088740
11/19/18,IP,46.24,46.9,44.46,44.91,-1.27,-2.75%,2828875
11/12/18,IP,46.28,46.64,44.36,46.18,-0.04,-0.09%,3238940
11/5/18,IP,45.78,47.47,45.38,46.22,0.68,1.49%,3998840
10/29/18,IP,45.3,46.76,43.03,45.54,0.69,1.54%,4532340
10/22/18,IP,42.27,45.51,39.6,44.85,2.61,6.18%,5849520
10/15/18,IP,42.59,43.61,41.67,42.24,-0.43,-1.01%,4090560
10/8/18,IP,48.55,48.835,41.87,42.67,-6.11,-12.53%,6422440
10/1/18,IP,49.4,50.69,48.07,48.78,-0.37,-0.75%,4074820
9/24/18,IP,53.87,53.95,49.045,49.15,-4.97,-9.18%,3903040
9/17/18,IP,53.24,54.95,53.2,54.12,0.88,1.65%,2601260
9/10/18,IP,51.92,53.28,51.2,53.24,1.53,2.96%,1894000
9/3/18,IP,50.98,52.06,50.51,51.71,0.57,1.11%,2914825
8/27/18,IP,52.04,52.97,51.0,51.14,-0.69,-1.33%,1842240
8/20/18,IP,52.1,52.49,51.14,51.83,-0.14,-0.27%,1815720
8/13/18,IP,52.21,52.3,50.03,51.97,-0.15,-0.29%,2097640
8/6/18,IP,52.44,53.84,51.94,52.12,-0.43,-0.82%,1708940
7/30/18,IP,52.15,53.84,51.17,52.55,0.53,1.02%,2190920
7/23/18,IP,53.01,53.44,50.8,52.02,-0.82,-1.55%,2805040
7/16/18,IP,53.16,53.47,52.19,52.84,-0.31,-0.58%,1518760
7/9/18,IP,52.74,54.0,52.52,53.15,0.79,1.51%,2206740
7/2/18,IP,51.9,52.65,50.975,52.36,0.28,0.54%,1929925
6/25/18,IP,52.98,53.76,52.03,52.08,-0.92,-1.74%,2521280
6/18/18,IP,55.22,56.2,52.58,53.0,-2.43,-4.38%,4324920
6/11/18,IP,58.87,59.57,54.95,55.43,-3.38,-5.75%,3906520
6/4/18,IP,55.84,59.059,55.84,58.81,3.57,6.46%,4963380
5/28/18,IP,53.67,55.67,52.64,55.24,1.11,2.05%,2464475
5/21/18,IP,55.2,55.97,53.81,54.13,-0.83,-1.51%,2506680
5/14/18,IP,53.75,55.81,53.01,54.96,1.31,2.44%,2974480
5/7/18,IP,51.99,53.835,51.14,53.65,1.46,2.80%,1845520
4/30/18,IP,52.6,52.76,50.0,52.19,-0.39,-0.74%,2989320
4/23/18,IP,53.5,54.14,51.83,52.58,-0.83,-1.55%,2764160
4/16/18,IP,53.5,54.29,53.195,53.41,0.19,0.36%,1843520
4/9/18,IP,52.46,53.45,51.76,53.22,1.05,2.01%,2245500
4/2/18,IP,53.18,53.72,50.42,52.17,-1.26,-2.36%,2937520
3/26/18,IP,51.26,53.97,51.01,53.43,3.28,6.54%,3418350
3/19/18,IP,54.5,54.59,50.04,50.15,-4.42,-8.10%,2964240
3/12/18,IP,55.51,55.82,54.29,54.57,-0.67,-1.21%,3144680
3/5/18,IP,58.11,59.17,54.28,55.24,-3.23,-5.52%,4280560
2/26/18,IP,59.85,61.3,57.68,58.47,-1.03,-1.73%,1978440
2/19/18,IP,58.23,59.52,57.8,59.5,0.56,0.95%,2217875
2/12/18,IP,57.61,59.58,57.02,58.94,1.74,3.04%,2412040
2/5/18,IP,61.83,62.83,55.13,57.2,-4.97,-7.99%,3754960
1/29/18,IP,66.94,66.94,61.26,62.17,-2.58,-3.98%,3921740
1/22/18,IP,63.32,66.73,62.76,64.75,1.25,1.97%,2041980
1/15/18,IP,62.1,63.71,60.88,63.5,1.24,1.99%,2739950
1/8/18,IP,61.8,62.44,61.28,62.26,0.56,0.91%,1949840
1/1/18,IP,58.7,61.89,58.26,61.7,3.76,6.49%,2551400
12/25/17,IP,58.03,58.26,57.25,57.94,-0.04,-0.07%,1200950
12/18/17,IP,56.63,58.21,56.55,57.98,1.73,3.08%,2108000
12/11/17,IP,56.86,57.43,55.18,56.25,-0.66,-1.16%,2782060
12/4/17,IP,56.0,57.34,55.72,56.91,1.28,2.30%,1726960
11/27/17,IP,54.91,56.93,54.63,55.63,0.71,1.29%,2375020
11/20/17,IP,54.0,55.45,53.88,54.92,0.71,1.31%,1218800
11/13/17,IP,54.57,54.69,53.1,54.21,-0.64,-1.17%,1878240
11/6/17,IP,57.1,57.19,54.32,54.85,-2.27,-3.97%,1943260
10/30/17,IP,57.62,58.45,56.93,57.12,-0.83,-1.43%,1638340
10/23/17,IP,58.43,58.96,56.14,57.95,-0.26,-0.45%,2031680
10/16/17,IP,57.59,58.33,57.25,58.21,0.76,1.32%,1265340
10/9/17,IP,57.43,57.98,56.945,57.45,0.0,0.00%,1401920
10/2/17,IP,56.87,57.95,56.76,57.45,0.63,1.11%,1431100
9/25/17,IP,56.0,57.09,55.38,56.82,0.77,1.37%,1905000
9/18/17,IP,56.51,58.09,55.44,56.05,-0.18,-0.32%,2077180
9/11/17,IP,55.1,57.15,54.74,56.23,1.45,2.65%,2205980
9/4/17,IP,54.65,55.23,54.36,54.78,-0.13,-0.24%,1501000
8/28/17,IP,54.68,55.0,53.01,54.91,0.32,0.59%,1563500
8/21/17,IP,54.2,54.89,52.83,54.59,0.3,0.55%,1680040
8/14/17,IP,53.3,54.78,53.1,54.29,1.7,3.23%,2132920
8/7/17,IP,54.02,54.51,51.28,52.59,-1.34,-2.48%,1886540
7/31/17,IP,54.67,55.56,53.49,53.93,-0.81,-1.48%,2470280
7/24/17,IP,56.63,57.56,54.23,54.74,-1.9,-3.35%,2723320
7/17/17,IP,58.0,58.47,56.43,56.64,-1.51,-2.60%,1868900
7/10/17,IP,56.26,58.95,56.11,58.15,1.78,3.16%,1725420
7/3/17,IP,56.89,57.2,56.03,56.37,-0.24,-0.42%,1242775
6/26/17,IP,56.85,57.24,55.41,56.61,-0.24,-0.42%,1901160
6/19/17,IP,56.95,57.13,55.9,56.85,0.34,0.60%,3424240
6/12/17,IP,54.8,56.6,54.79,56.51,1.62,2.95%,2803320
6/5/17,IP,54.3,54.9,53.44,54.89,0.5,0.92%,2237780
5/29/17,IP,53.05,54.62,52.58,54.39,1.97,3.76%,2968825
5/22/17,IP,51.33,52.57,51.23,52.42,1.31,2.56%,1757220
5/15/17,IP,52.44,53.21,50.66,51.11,-1.18,-2.26%,2191720
5/8/17,IP,53.38,53.6,52.04,52.29,-1.15,-2.15%,2013340
5/1/17,IP,54.09,54.19,52.9,53.44,-0.53,-0.98%,2258660
4/24/17,IP,53.6,55.54,53.19,53.97,1.19,2.25%,2703960
4/17/17,IP,49.95,53.3,49.93,52.78,3.14,6.33%,2867680
4/10/17,IP,50.67,50.84,49.6,49.64,-0.87,-1.72%,2189150
4/3/17,IP,50.89,51.29,49.86,50.51,-0.27,-0.53%,1850180
3/27/17,IP,50.21,51.25,49.62,50.78,-0.03,-0.06%,2215560
3/20/17,IP,51.48,52.47,50.56,50.81,-0.55,-1.07%,2243660
3/13/17,IP,50.84,51.81,50.28,51.36,0.66,1.30%,3051460
3/6/17,IP,53.64,53.88,50.42,50.7,-3.3,-6.11%,3073500
2/27/17,IP,52.41,54.25,52.41,54.0,1.38,2.62%,3265440
2/20/17,IP,52.25,52.89,51.46,52.62,0.47,0.90%,2859050
2/13/17,IP,52.5,53.5,51.93,52.15,-0.74,-1.40%,3600040
2/6/17,IP,52.33,53.96,50.6,52.89,-0.12,-0.23%,5329420
1/30/17,IP,57.02,57.36,52.22,53.01,-4.33,-7.55%,4582220
1/23/17,IP,53.77,58.86,53.65,57.34,3.65,6.80%,3421880
1/16/17,IP,53.35,53.96,52.41,53.69,0.14,0.26%,2260800
1/9/17,IP,53.7,54.22,53.04,53.55,-0.17,-0.32%,2262440
1/2/17,IP,53.11,54.26,52.96,53.72,0.66,1.24%,1898200
11/8/21,TXRH,95.56,95.72,92.23,92.73,-3.02,-3.15%,746819
11/1/21,TXRH,89.0,96.11,87.2041,95.75,6.94,7.81%,1021355
10/25/21,TXRH,89.94,93.53,85.86,88.81,-0.8,-0.89%,1302502
10/18/21,TXRH,88.31,91.95,85.81,89.61,0.48,0.54%,979220
10/11/21,TXRH,92.73,94.5,87.92,89.13,-3.64,-3.92%,668880
10/4/21,TXRH,94.68,96.41,91.205,92.77,-2.41,-2.53%,761260
9/27/21,TXRH,94.97,97.43,90.52,95.18,0.46,0.49%,580940
9/20/21,TXRH,89.8,95.085,88.68,94.72,3.36,3.68%,720860
9/13/21,TXRH,92.73,92.74,89.86,91.36,-0.58,-0.63%,834340
9/6/21,TXRH,93.14,94.35,91.65,91.94,-1.68,-1.79%,472725
8/30/21,TXRH,95.2,96.2,92.4,93.62,-1.89,-1.98%,720900
8/23/21,TXRH,90.75,95.755,90.065,95.51,5.26,5.83%,626880
8/16/21,TXRH,88.37,91.26,87.95,90.25,1.29,1.45%,879180
8/9/21,TXRH,91.0,91.58,88.18,88.96,-2.75,-3.00%,653940
8/2/21,TXRH,92.45,94.265,87.31,91.71,-0.46,-0.50%,1062840
7/26/21,TXRH,98.6,102.2,91.51,92.17,-5.93,-6.04%,1259200
7/19/21,TXRH,92.46,98.52,88.76,98.1,3.73,3.95%,923760
7/12/21,TXRH,96.56,98.955,93.32,94.37,-2.19,-2.27%,492020
7/5/21,TXRH,95.93,96.64,92.985,96.56,0.71,0.74%,648475
6/28/21,TXRH,97.67,98.01,93.62,95.85,-1.81,-1.85%,598900
6/21/21,TXRH,91.07,98.41,90.41,97.66,7.16,7.91%,1030480
6/14/21,TXRH,98.57,99.05,89.705,90.5,-8.12,-8.23%,997100
6/7/21,TXRH,97.69,102.8,96.84,98.62,0.9,0.92%,734500
5/31/21,TXRH,100.99,101.25,93.09,97.72,-2.99,-2.97%,1120275
5/24/21,TXRH,97.88,101.28,96.96,100.71,4.09,4.23%,870320
5/17/21,TXRH,101.25,101.67,95.25,96.62,-1.93,-1.96%,859920
5/10/21,TXRH,104.01,104.53,94.9,98.55,-6.08,-5.81%,814200
5/3/21,TXRH,108.11,109.41,101.06,104.63,-2.39,-2.23%,855780
4/26/21,TXRH,101.14,110.75,98.53,107.02,6.66,6.64%,958960
4/19/21,TXRH,99.13,101.9,94.66,100.36,1.43,1.45%,576560
4/12/21,TXRH,100.45,100.45,95.32,98.93,-0.53,-0.53%,746460
4/5/21,TXRH,97.5,100.7699,95.55,99.46,3.18,3.30%,611160
3/29/21,TXRH,97.22,98.32,94.63,96.28,-1.49,-1.52%,536875
3/22/21,TXRH,97.17,97.82,89.59,97.77,2.06,2.15%,648560
3/15/21,TXRH,98.0,99.64,94.01,95.71,-2.05,-2.10%,926260
3/8/21,TXRH,94.25,97.91,92.23,97.76,4.36,4.67%,715560
3/1/21,TXRH,91.91,95.25,89.49,93.4,2.52,2.77%,1043260
2/22/21,TXRH,87.58,95.93,87.3,90.88,2.97,3.38%,1051420
2/15/21,TXRH,86.99,89.92,83.67,87.91,1.47,1.70%,1138250
2/8/21,TXRH,89.02,90.0,85.6181,86.44,-2.16,-2.44%,656320
2/1/21,TXRH,76.46,88.87,75.01,88.6,12.39,16.26%,935780
1/25/21,TXRH,77.84,79.37,73.2,76.21,-3.5,-4.39%,989080
1/18/21,TXRH,80.59,81.625,77.63,79.71,-0.91,-1.13%,749050
1/11/21,TXRH,78.75,83.27,77.84,80.62,0.37,0.46%,516280
1/4/21,TXRH,78.48,80.89,73.24,80.25,2.09,2.67%,865820
12/28/20,TXRH,81.16,81.16,76.345,78.16,-1.8,-2.25%,499150
12/21/20,TXRH,78.16,81.9165,77.56,79.96,0.03,0.04%,493150
12/14/20,TXRH,79.54,83.49,77.89,79.93,1.76,2.25%,721480
12/7/20,TXRH,79.99,79.99,76.51,78.17,-1.7,-2.13%,699920
11/30/20,TXRH,75.13,80.225,73.48,79.87,4.59,6.10%,896100
11/23/20,TXRH,75.69,78.515,74.0,75.28,1.37,1.85%,779250
11/16/20,TXRH,76.06,77.205,71.8,73.91,0.97,1.33%,731400
11/9/20,TXRH,80.46,84.27,71.6,72.94,0.83,1.15%,1417040
11/2/20,TXRH,70.38,73.59,68.45,72.11,2.08,2.97%,981980
10/26/20,TXRH,71.19,72.72,67.18,70.03,-2.32,-3.21%,1378460
10/19/20,TXRH,74.18,76.21,72.08,72.35,-1.52,-2.06%,925700
10/12/20,TXRH,70.75,74.35,69.7,73.87,3.53,5.02%,921260
10/5/20,TXRH,64.68,70.644,63.82,70.34,6.12,9.53%,894280
9/28/20,TXRH,61.12,64.77,59.6,64.22,4.22,7.03%,757100
9/21/20,TXRH,60.76,63.49,59.45,60.0,-2.32,-3.72%,970800
9/14/20,TXRH,63.29,66.57,61.95,62.32,-0.34,-0.54%,733720
9/7/20,TXRH,63.04,66.125,61.3,62.66,-1.59,-2.47%,745400
8/31/20,TXRH,64.34,66.56,61.65,64.25,-0.3,-0.46%,805180
8/24/20,TXRH,62.12,65.46,60.8,64.55,2.99,4.86%,728120
8/17/20,TXRH,61.49,61.92,59.57,61.56,0.32,0.52%,539960
8/10/20,TXRH,60.53,63.2,59.53,61.24,0.78,1.29%,846700
8/3/20,TXRH,56.2,61.45,55.245,60.46,4.27,7.60%,1747660
7/27/20,TXRH,53.37,56.96,51.62,56.19,2.83,5.30%,1102440
7/20/20,TXRH,51.6,54.2,50.075,53.36,1.21,2.32%,1035660
7/13/20,TXRH,50.4,54.62,48.8983,52.15,2.61,5.27%,1054280
7/6/20,TXRH,51.14,52.02,46.84,49.54,-0.71,-1.41%,1179180
6/29/20,TXRH,50.68,53.61,49.95,50.25,0.42,0.84%,1575325
6/22/20,TXRH,50.35,54.8,48.775,49.83,-1.065,-2.09%,1698960
6/15/20,TXRH,49.47,57.9,49.01,50.895,-1.165,-2.24%,1395140
6/8/20,TXRH,62.35,62.8,49.385,52.06,-9.13,-14.92%,1398380
6/1/20,TXRH,52.05,62.94,51.57,61.19,9.34,18.01%,1543260
5/25/20,TXRH,52.5,56.02,50.88,51.85,1.5,2.98%,1287325
5/18/20,TXRH,47.96,51.01,47.0,50.35,4.87,10.71%,1238780
5/11/20,TXRH,46.89,49.19,41.68,45.48,-2.1,-4.41%,1566680
5/4/20,TXRH,43.5,49.0,42.81,47.58,2.72,6.06%,2210480
4/27/20,TXRH,46.57,53.19,43.75,44.86,-1.01,-2.20%,2151180
4/20/20,TXRH,44.95,47.88,42.02,45.87,-0.62,-1.33%,1963000
4/13/20,TXRH,47.0,48.2152,39.8249,46.49,-0.49,-1.04%,1587520
4/6/20,TXRH,39.48,49.69,37.39,46.98,11.72,33.24%,2137600
3/30/20,TXRH,41.26,43.4,33.2054,35.26,-6.63,-15.83%,1813360
3/23/20,TXRH,35.03,50.63,33.12,41.89,6.04,16.85%,2479640
3/16/20,TXRH,38.24,39.635,25.15,35.85,-8.33,-18.85%,2851760
3/9/20,TXRH,49.82,51.53,34.045,44.18,-9.71,-18.02%,2224740
3/2/20,TXRH,57.13,60.77,49.73,53.89,-2.33,-4.14%,1680980
2/24/20,TXRH,69.13,70.67,55.08,56.22,-15.3,-21.39%,1753740
2/17/20,TXRH,63.84,72.49,63.57,71.52,7.4,11.54%,1520100
2/10/20,TXRH,63.46,64.71,63.1,64.12,0.54,0.85%,596920
2/3/20,TXRH,62.88,64.6,62.17,63.58,1.08,1.73%,707780
1/27/20,TXRH,61.34,64.06,61.13,62.5,0.37,0.60%,1132480
1/20/20,TXRH,57.53,62.24,56.98,62.13,4.33,7.49%,1141525
1/13/20,TXRH,57.34,57.91,55.7,57.8,1.83,3.27%,992160
1/6/20,TXRH,55.67,56.43,55.18,55.97,-0.1,-0.18%,912120
12/30/19,TXRH,55.04,57.295,54.91,56.07,1.03,1.87%,945225
12/23/19,TXRH,56.4,56.83,54.87,55.04,-1.02,-1.82%,515725
12/16/19,TXRH,56.94,56.945,54.95,56.06,-0.64,-1.13%,607060
12/9/19,TXRH,57.14,57.29,55.25,56.7,-0.45,-0.79%,804780
12/2/19,TXRH,58.0,58.8,55.95,57.15,-0.75,-1.30%,469260
11/25/19,TXRH,58.24,58.94,57.56,57.9,0.05,0.09%,374150
11/18/19,TXRH,57.63,59.33,56.84,57.85,0.19,0.33%,594860
11/11/19,TXRH,58.75,58.96,55.6,57.66,-1.16,-1.97%,745900
11/4/19,TXRH,57.91,60.49,57.52,58.82,0.97,1.68%,792760
10/28/19,TXRH,50.2,61.24,49.67,57.85,8.09,16.26%,2040140
10/21/19,TXRH,48.84,50.03,48.2,49.76,1.12,2.30%,788280
10/14/19,TXRH,50.29,50.3809,47.52,48.64,-1.97,-3.89%,765300
10/7/19,TXRH,49.41,51.0,49.1,50.61,1.27,2.57%,647700
9/30/19,TXRH,52.25,52.93,49.2783,49.34,-2.89,-5.53%,711880
9/23/19,TXRH,51.35,52.92,51.35,52.23,0.69,1.34%,693800
9/16/19,TXRH,53.82,55.05,51.31,51.54,-2.72,-5.01%,993960
9/9/19,TXRH,52.85,54.56,52.31,54.26,1.39,2.63%,706100
9/2/19,TXRH,51.3,54.01,50.995,52.87,1.41,2.74%,833625
8/26/19,TXRH,49.38,51.77,49.38,51.46,2.52,5.15%,895980
8/19/19,TXRH,51.79,52.0,48.64,48.94,-2.48,-4.82%,1023600
8/12/19,TXRH,54.26,54.8,49.77,51.42,-3.03,-5.56%,856800
8/5/19,TXRH,56.63,56.87,52.74,54.45,-2.45,-4.31%,932860
7/29/19,TXRH,56.17,60.45,54.71,56.9,1.0,1.79%,1393640
7/22/19,TXRH,53.93,56.3,53.76,55.9,1.87,3.46%,999460
7/15/19,TXRH,53.28,54.62,52.57,54.03,0.49,0.92%,977480
7/8/19,TXRH,54.45,54.83,52.5,53.54,-1.01,-1.85%,504940
7/1/19,TXRH,53.82,54.76,52.35,54.55,0.88,1.64%,798275
6/24/19,TXRH,52.66,54.44,52.07,53.67,1.29,2.46%,958500
6/17/19,TXRH,54.19,54.54,51.265,52.38,-1.8,-3.32%,1216800
6/10/19,TXRH,55.69,56.35,53.45,54.18,-1.3,-2.34%,836680
6/3/19,TXRH,51.33,56.72,51.25,55.48,4.22,8.23%,1126660
5/27/19,TXRH,53.46,54.1,50.84,51.26,-2.01,-3.77%,940525
5/20/19,TXRH,54.41,57.0,51.31,53.27,-1.39,-2.54%,995700
5/13/19,TXRH,55.61,55.96,52.55,54.66,-0.25,-0.46%,1082300
5/6/19,TXRH,54.12,55.98,53.66,54.91,0.19,0.35%,905080
4/29/19,TXRH,60.57,61.25,52.26,54.72,-5.91,-9.75%,2606760
4/22/19,TXRH,60.03,61.32,59.52,60.63,0.78,1.30%,1176920
4/15/19,TXRH,62.29,62.55,59.1,59.85,-2.55,-4.09%,806275
4/8/19,TXRH,62.55,62.76,60.62,62.4,-0.44,-0.70%,614220
4/1/19,TXRH,62.49,63.28,61.275,62.84,0.65,1.05%,696760
3/25/19,TXRH,60.46,62.46,60.05,62.19,1.59,2.62%,639940
3/18/19,TXRH,59.87,61.62,59.48,60.6,0.89,1.49%,705900
3/11/19,TXRH,59.89,60.44,58.83,59.71,-0.1,-0.17%,1013980
3/4/19,TXRH,63.17,63.6,59.62,59.81,-3.27,-5.18%,650580
2/25/19,TXRH,62.87,64.39,61.89,63.08,0.43,0.69%,1028740
2/18/19,TXRH,65.15,66.69,62.0,62.65,-2.93,-4.47%,1501575
2/11/19,TXRH,62.89,66.29,62.89,65.58,2.7,4.29%,754460
2/4/19,TXRH,60.83,64.12,60.51,62.88,2.1,3.46%,620880
1/28/19,TXRH,62.57,63.78,60.53,60.78,-2.0,-3.19%,889060
1/21/19,TXRH,66.84,67.67,62.23,62.78,-4.22,-6.30%,753975
1/14/19,TXRH,66.78,67.28,65.21,67.0,0.02,0.03%,838740
1/7/19,TXRH,59.85,67.1,59.46,66.98,7.16,11.97%,860340
12/31/18,TXRH,59.38,60.38,57.8,59.82,0.57,0.96%,569500
12/24/18,TXRH,57.48,59.98,56.33,59.25,1.49,2.58%,476950
12/17/18,TXRH,62.02,63.62,57.645,57.76,-4.32,-6.96%,850520
12/10/18,TXRH,63.27,64.37,61.36,62.08,-1.43,-2.25%,508960
12/3/18,TXRH,66.49,66.96,63.06,63.51,-2.52,-3.82%,746025
11/26/18,TXRH,65.19,67.805,63.39,66.03,1.55,2.40%,575580
11/19/18,TXRH,63.14,65.13,62.68,64.48,1.33,2.11%,440525
11/12/18,TXRH,65.11,66.35,63.0,63.15,-2.03,-3.11%,610300
11/5/18,TXRH,62.13,65.65,61.84,65.18,3.08,4.96%,565780
10/29/18,TXRH,68.1,69.0,58.26,62.1,-5.02,-7.48%,1929200
10/22/18,TXRH,66.57,68.0,65.69,67.12,0.96,1.45%,683900
10/15/18,TXRH,65.85,69.74,65.16,66.16,0.43,0.65%,722220
10/8/18,TXRH,66.47,68.51,64.85,65.73,-0.66,-0.99%,670740
10/1/18,TXRH,69.36,70.21,64.71,66.39,-2.9,-4.19%,730040
9/24/18,TXRH,68.55,70.61,66.37,69.29,-1.28,-1.81%,711660
9/17/18,TXRH,72.46,73.275,70.3,70.57,-1.51,-2.09%,732660
9/10/18,TXRH,73.09,74.125,70.83,72.08,-3.09,-4.11%,739600
9/3/18,TXRH,68.92,75.24,68.06,75.17,6.22,9.02%,831725
8/27/18,TXRH,66.91,69.16,66.12,68.95,2.13,3.19%,431280
8/20/18,TXRH,66.34,67.57,66.28,66.82,0.72,1.09%,422700
8/13/18,TXRH,63.36,66.92,63.22,66.1,2.9,4.59%,578480
8/6/18,TXRH,63.49,65.98,63.13,63.2,-0.1,-0.16%,539100
7/30/18,TXRH,68.16,68.25,60.4,63.3,-4.56,-6.72%,1558780
7/23/18,TXRH,69.8,70.38,67.27,67.86,-2.15,-3.07%,601720
7/16/18,TXRH,67.86,70.86,67.2,70.01,2.28,3.37%,573700
7/9/18,TXRH,67.1,68.35,66.15,67.73,0.93,1.39%,458720
7/2/18,TXRH,65.42,67.35,64.02,66.8,1.29,1.97%,445775
6/25/18,TXRH,68.11,68.23,65.16,65.51,-2.74,-4.01%,699580
6/18/18,TXRH,65.97,69.43,64.74,68.25,2.09,3.16%,716580
6/11/18,TXRH,63.84,66.415,63.62,66.16,2.29,3.59%,578560
6/4/18,TXRH,62.07,64.42,61.71,63.87,1.86,3.00%,511520
5/28/18,TXRH,60.5,63.08,59.81,62.01,1.25,2.06%,633225
5/21/18,TXRH,59.67,61.455,59.24,60.76,1.56,2.64%,587300
5/14/18,TXRH,61.92,62.46,58.87,59.2,-2.78,-4.49%,1003400
5/7/18,TXRH,63.45,63.88,61.7,61.98,-1.12,-1.77%,597320
4/30/18,TXRH,64.56,64.96,60.61,63.1,-1.09,-1.70%,1387840
4/23/18,TXRH,63.48,64.29,60.765,64.19,0.86,1.36%,1041020
4/16/18,TXRH,61.75,63.8,60.82,63.33,2.17,3.55%,781680
4/9/18,TXRH,61.29,61.37,59.285,61.16,0.43,0.71%,719820
4/2/18,TXRH,57.78,61.74,56.82,60.73,2.95,5.11%,865180
3/26/18,TXRH,56.51,58.27,56.0,57.78,2.03,3.64%,753275
3/19/18,TXRH,58.57,59.99,55.75,55.75,-2.95,-5.03%,818220
3/12/18,TXRH,58.65,59.53,57.67,58.7,0.35,0.60%,675380
3/5/18,TXRH,57.12,58.55,56.68,58.35,1.07,1.87%,728700
2/26/18,TXRH,57.54,58.18,55.02,57.28,0.0,0.00%,967440
2/19/18,TXRH,57.69,58.27,54.32,57.28,-0.7,-1.21%,1606050
2/12/18,TXRH,54.69,59.7,54.69,57.98,3.36,6.15%,754700
2/5/18,TXRH,57.08,57.46,53.05,54.62,-2.99,-5.19%,768280
1/29/18,TXRH,59.9,60.43,57.3,57.61,-2.33,-3.89%,471860
1/22/18,TXRH,58.02,60.0,57.17,59.94,1.7,2.92%,554360
1/15/18,TXRH,58.87,58.87,56.55,58.24,0.0,0.00%,684875
1/8/18,TXRH,56.9,58.59,55.68,58.24,1.08,1.89%,633340
1/1/18,TXRH,53.23,57.55,53.11,57.16,4.48,8.50%,1124475
12/25/17,TXRH,54.31,54.785,52.65,52.68,-1.5,-2.77%,542150
12/18/17,TXRH,52.36,55.99,52.195,54.18,2.09,4.01%,937480
12/11/17,TXRH,51.55,52.85,50.42,52.09,0.63,1.22%,846520
12/4/17,TXRH,50.85,52.55,49.92,51.46,1.14,2.27%,671040
11/27/17,TXRH,48.57,51.6,47.86,50.32,1.74,3.58%,625520
11/20/17,TXRH,49.84,50.26,48.48,48.58,-1.28,-2.57%,447750
11/13/17,TXRH,48.76,50.27,48.49,49.86,0.82,1.67%,586500
11/6/17,TXRH,48.73,49.67,47.7,49.04,0.42,0.86%,652020
10/30/17,TXRH,51.19,53.61,48.25,48.62,-2.55,-4.98%,1072540
10/23/17,TXRH,50.19,51.89,48.73,51.17,0.81,1.61%,723800
10/16/17,TXRH,50.07,52.02,49.6,50.36,0.41,0.82%,514080
10/9/17,TXRH,50.05,50.19,49.0,49.95,-0.16,-0.32%,336540
10/2/17,TXRH,49.21,50.38,48.42,50.11,0.97,1.97%,559260
9/25/17,TXRH,48.04,49.88,47.51,49.14,1.02,2.12%,574400
9/18/17,TXRH,49.47,49.59,47.54,48.12,-1.17,-2.37%,522760
9/11/17,TXRH,47.09,49.47,46.4,49.29,2.72,5.84%,800440
9/4/17,TXRH,47.39,47.76,44.29,46.57,-0.89,-1.88%,684450
8/28/17,TXRH,47.67,47.72,45.91,47.46,-0.17,-0.36%,558140
8/21/17,TXRH,48.58,49.08,47.51,47.63,-0.95,-1.96%,327680
8/14/17,TXRH,49.04,50.13,48.23,48.58,-0.67,-1.36%,310700
8/7/17,TXRH,47.98,49.65,47.91,49.25,0.86,1.78%,411840
7/31/17,TXRH,48.04,51.3,47.1,48.39,0.69,1.45%,1282880
7/24/17,TXRH,50.42,50.74,47.52,47.7,-2.84,-5.62%,909260
7/17/17,TXRH,50.09,50.75,49.32,50.54,0.47,0.94%,379240
7/10/17,TXRH,50.85,51.71,49.56,50.07,-0.84,-1.65%,489080
7/3/17,TXRH,51.1,51.21,49.91,50.91,-0.04,-0.08%,446300
6/26/17,TXRH,49.9,51.91,49.5,50.95,1.1,2.21%,632220
6/19/17,TXRH,49.5,50.69,47.99,49.85,0.53,1.07%,696720
6/12/17,TXRH,51.5,51.81,48.84,49.32,-2.39,-4.62%,629120
6/5/17,TXRH,50.23,51.85,49.91,51.71,1.12,2.21%,803960
5/29/17,TXRH,48.5,50.88,48.16,50.59,1.93,3.97%,664825
5/22/17,TXRH,48.62,49.42,47.83,48.66,0.07,0.14%,582080
5/15/17,TXRH,48.21,48.76,47.02,48.59,0.55,1.14%,831180
5/8/17,TXRH,50.4,50.57,47.89,48.04,-2.36,-4.68%,813240
5/1/17,TXRH,47.08,51.79,45.57,50.4,3.52,7.51%,2339700
4/24/17,TXRH,45.86,47.43,45.03,46.88,1.6,3.53%,1147700
4/17/17,TXRH,44.4,45.49,43.87,45.28,1.04,2.35%,793380
4/10/17,TXRH,44.61,45.19,44.23,44.24,-0.34,-0.76%,592075
4/3/17,TXRH,44.55,44.96,43.81,44.58,0.05,0.11%,495860
3/27/17,TXRH,43.4,44.68,43.01,44.53,1.0,2.30%,641160
3/20/17,TXRH,43.99,44.35,42.83,43.53,-0.62,-1.40%,812160
3/13/17,TXRH,41.36,44.52,40.28,44.15,2.78,6.72%,1474120
3/6/17,TXRH,42.63,43.01,41.03,41.37,-1.4,-3.27%,1141420
2/27/17,TXRH,42.16,43.29,41.91,42.77,0.55,1.30%,1050100
2/20/17,TXRH,48.33,48.49,40.8,42.22,-6.02,-12.48%,3339650
2/13/17,TXRH,48.45,48.5,47.6,48.24,0.16,0.33%,578360
2/6/17,TXRH,45.98,48.55,45.74,48.08,1.88,4.07%,572300
1/30/17,TXRH,45.83,46.92,45.2,46.2,-0.12,-0.26%,474540
1/23/17,TXRH,46.18,47.08,45.6,46.32,-0.07,-0.15%,525560
1/16/17,TXRH,47.21,47.81,45.59,46.39,-0.57,-1.21%,500825
1/9/17,TXRH,45.47,47.55,45.04,46.96,1.26,2.76%,807580
1/2/17,TXRH,48.55,49.24,45.61,45.7,-2.54,-5.27%,1004025
